sensor_name,sensor_type,tracker,velocity_scale,mean_velocity_px_s,power_mW,required_fps,actual_fps,contrast_threshold,fps_fraction,price,mota,motp,idf1,id_switches,num_gt,num_pred
Lichtsteiner 2008,DVS,centroid,2,41.9,19.19,,,0.1,,N/A (research),-0.3036194088825668,0.3755307871156507,0.12199066262417857,1144.4,12654.0,11563.2
Lichtsteiner 2008,DVS,centroid,10,209.7,19.39,,,0.1,,N/A (research),-0.30159633317528056,0.3756497565521099,0.11927226199037047,1162.2,12654.0,11593.0
Lichtsteiner 2008,DVS,centroid,5,104.8,19.27,,,0.1,,N/A (research),-0.30635372214319584,0.3758022886404106,0.12163665230545395,1174.6,12654.0,11587.2
Lichtsteiner 2008,DVS,centroid,500,10484.5,21.62,,,0.1,,N/A (research),-0.31700648016437494,0.37717927686258845,0.14733478515542067,379.2,12654.0,11116.6
Lichtsteiner 2008,DVS,centroid,1,21.0,19.17,,,0.1,,N/A (research),-0.29829302987197726,0.37419210840891715,0.12644008451985408,1141.8,12654.0,11582.0
Lichtsteiner 2008,DVS,iou,2,41.9,19.19,,,0.1,,N/A (research),-0.141220167535957,0.37458484621495336,0.11412122469082461,960.8,12654.0,9119.0
Lichtsteiner 2008,DVS,centroid,50,1048.5,20.4,,,0.1,,N/A (research),-0.2923502449818239,0.37635674857959933,0.12834555138892997,1094.4,12654.0,11585.8
Lichtsteiner 2008,DVS,centroid,20,419.4,19.64,,,0.1,,N/A (research),-0.29954164691006796,0.3765055297996262,0.1230120607253778,1177.4,12654.0,11583.8
Lichtsteiner 2008,DVS,centroid,100,2096.9,21.62,,,0.1,,N/A (research),-0.28724513987671885,0.37442726089206646,0.12955884412211743,943.8,12654.0,11553.0
DAVIS346,DVS,centroid,1,21.0,10.0,,,0.1,,"~$3,000 (dev kit)",0.2833570412517781,0.3350103175193367,0.30017122480273695,1335.4,12654.0,11946.6
DAVIS346,DVS,centroid,2,41.9,10.0,,,0.1,,"~$3,000 (dev kit)",0.2833570412517781,0.3350210950497694,0.29882844430063626,1341.6,12654.0,11931.2
DAVIS346,DVS,centroid,5,104.8,10.01,,,0.1,,"~$3,000 (dev kit)",0.2732890785522365,0.3351628774792266,0.29971323956156176,1365.0,12654.0,11953.6
DAVIS346,DVS,centroid,10,209.7,10.02,,,0.1,,"~$3,000 (dev kit)",0.27071281808123915,0.3341890427327093,0.30221045399961,1411.0,12654.0,11959.0
DAVIS346,DVS,centroid,20,419.4,10.05,,,0.1,,"~$3,000 (dev kit)",0.28223486644539275,0.3351341139171777,0.30266000906448054,1433.6,12654.0,11958.6
Lichtsteiner 2008,DVS,iou,20,419.4,19.64,,,0.1,,N/A (research),-0.13598862019914648,0.3750322113068099,0.11400954408176285,981.2,12654.0,9166.4
Lichtsteiner 2008,DVS,iou,10,209.7,19.39,,,0.1,,N/A (research),-0.140493124703651,0.37471858258914337,0.11233390211833646,976.2,12654.0,9163.6
DAVIS346,DVS,centroid,100,2096.9,10.25,,,0.1,,"~$3,000 (dev kit)",0.2797692429271376,0.33343446818310934,0.3004195563538984,1368.0,12654.0,11965.8
DAVIS346,DVS,centroid,50,1048.5,10.12,,,0.1,,"~$3,000 (dev kit)",0.274158368895211,0.33424220705603236,0.30367980692694835,1375.8,12654.0,11962.6
Lichtsteiner 2008,DVS,iou,5,104.8,19.27,,,0.1,,N/A (research),-0.14112533586217796,0.37456076794053683,0.11373989579782548,969.4,12654.0,9113.6
DAVIS346,DVS,centroid,500,10484.5,11.24,,,0.1,,"~$3,000 (dev kit)",0.28011695906432754,0.3363775422022542,0.3058038537714697,1344.2,12654.0,11946.8
DAVIS346,DVS,centroid,200,4193.8,10.5,,,0.1,,"~$3,000 (dev kit)",0.27422159001106367,0.33395795819612817,0.30098041803924747,1395.4,12654.0,11945.4
Lichtsteiner 2008,DVS,iou,1,21.0,19.17,,,0.1,,N/A (research),-0.1339339339339339,0.3732276080881399,0.11750124605577275,940.4,12654.0,9141.6
Lichtsteiner 2008,DVS,iou,500,10484.5,21.62,,,0.1,,N/A (research),-0.23527738264580372,0.3767655888103052,0.11760479193148518,420.0,12654.0,9606.8
Lichtsteiner 2008,DVS,iou,50,1048.5,20.4,,,0.1,,N/A (research),-0.13850165955429117,0.3748631877555709,0.11581251631386251,947.2,12654.0,9202.2
Lichtsteiner 2008,DVS,centroid,200,4193.8,21.62,,,0.1,,N/A (research),-0.2881776513355461,0.37737507708671636,0.12712494609570618,657.0,12654.0,11319.6
DAVIS346,DVS,iou,1,21.0,10.0,,,0.1,,"~$3,000 (dev kit)",0.33187924766872134,0.334383104443026,0.2588446292308059,1191.4,12654.0,11115.8
Lichtsteiner 2008,DVS,iou,100,2096.9,21.62,,,0.1,,N/A (research),-0.1401454085664612,0.37312245359514973,0.1206430202285135,810.0,12654.0,9307.0
Lichtsteiner 2008,DVS,iou,200,4193.8,21.62,,,0.1,,N/A (research),-0.16799431009957325,0.3762453000212931,0.11284340843902238,629.2,12654.0,9326.2
DAVIS346,DVS,iou,2,41.9,10.0,,,0.1,,"~$3,000 (dev kit)",0.3340761814446025,0.33445145050086506,0.25666033320545345,1167.0,12654.0,11087.2
DAVIS346,DVS,iou,5,104.8,10.01,,,0.1,,"~$3,000 (dev kit)",0.32936620831357677,0.334630385172317,0.26108232730323805,1153.0,12654.0,11080.0
DAVIS346,DVS,iou,20,419.4,10.05,,,0.1,,"~$3,000 (dev kit)",0.33820135925399086,0.33411669527793875,0.2546306062267661,1190.4,12654.0,11076.4
DAVIS346,DVS,iou,10,209.7,10.02,,,0.1,,"~$3,000 (dev kit)",0.3259838786154575,0.3335699364710184,0.25300020485273844,1156.0,12654.0,11106.2
DAVIS346,DVS,iou,50,1048.5,10.12,,,0.1,,"~$3,000 (dev kit)",0.3241978820926189,0.3336517646843876,0.25402051015214605,1182.2,12654.0,11111.0
DAVIS346,DVS,iou,100,2096.9,10.25,,,0.1,,"~$3,000 (dev kit)",0.33508771929824566,0.3327012023589945,0.26452452850471997,1146.6,12654.0,11125.2
DAVIS346,DVS,iou,200,4193.8,10.5,,,0.1,,"~$3,000 (dev kit)",0.32720088509562195,0.3332461247015442,0.24915078707073945,1204.2,12654.0,11073.8
DAVIS346,DVS,iou,500,10484.5,11.24,,,0.1,,"~$3,000 (dev kit)",0.32852852852852854,0.33544892501848367,0.25417818249151447,1162.2,12654.0,11092.6
Samsung DVS-Gen3.1,DVS,centroid,1,21.0,10.0,,,0.1,,~$100-300 (module),0.8494547178757704,0.2402767741512975,0.725456533827425,408.6,12654.0,12277.6
Samsung DVS-Gen3.1,DVS,centroid,2,41.9,10.0,,,0.1,,~$100-300 (module),0.8417891575786312,0.240677742593145,0.7017703021476772,455.8,12654.0,12273.8
Samsung DVS-Gen3.1,DVS,centroid,5,104.8,10.01,,,0.1,,~$100-300 (module),0.8433538801959856,0.24041211563715265,0.7164540436956455,421.8,12654.0,12282.8
Samsung DVS-Gen3.1,DVS,centroid,10,209.7,10.01,,,0.1,,~$100-300 (module),0.8439070649596966,0.24073117580408737,0.7412371028442831,447.4,12654.0,12270.2
Samsung DVS-Gen3.1,DVS,centroid,20,419.4,10.02,,,0.1,,~$100-300 (module),0.8450924608819346,0.24045706616361456,0.7313479708772754,447.8,12654.0,12276.0
Samsung DVS-Gen3.1,DVS,centroid,50,1048.5,10.05,,,0.1,,~$100-300 (module),0.8444602497234076,0.24025936294991954,0.7314662490447613,418.8,12654.0,12286.6
Samsung DVS-Gen3.1,DVS,centroid,200,4193.8,10.2,,,0.1,,~$100-300 (module),0.8434329065908013,0.23973129049214542,0.7220938089253226,416.8,12654.0,12280.8
Samsung DVS-Gen3.1,DVS,centroid,100,2096.9,10.1,,,0.1,,~$100-300 (module),0.8462936620831357,0.24041815378490283,0.728546426057201,450.2,12654.0,12282.0
Samsung DVS-Gen3.1,DVS,centroid,500,10484.5,10.51,,,0.1,,~$100-300 (module),0.8467045993361783,0.24130812176321204,0.7283675854699296,462.8,12654.0,12276.2
Lichtsteiner 2008,DVS,sort,500,10484.5,21.62,,,0.1,,N/A (research),-0.21770191243875453,0.37736296054069024,0.12523597454378638,403.6,12654.0,9430.4
Samsung DVS-Gen3.1,DVS,iou,1,21.0,10.0,,,0.1,,~$100-300 (module),0.8621937727200886,0.23987754488070018,0.7600624646008556,321.2,12654.0,12135.8
Samsung DVS-Gen3.1,DVS,iou,5,104.8,10.01,,,0.1,,~$100-300 (module),0.858511142721669,0.23996599056617823,0.7582172989682199,305.8,12654.0,12133.0
Samsung DVS-Gen3.1,DVS,iou,2,41.9,10.0,,,0.1,,~$100-300 (module),0.8563774300616405,0.24030003320071644,0.7499989370303,347.6,12654.0,12135.4
Lichtsteiner 2008,DVS,sort,200,4193.8,21.62,,,0.1,,N/A (research),-0.1334439702860756,0.3756774033775081,0.12463982269815702,596.0,12654.0,8893.0
Lichtsteiner 2008,DVS,sort,100,2096.9,21.62,,,0.1,,N/A (research),-0.08160265528686583,0.3725055360641803,0.14222051691693569,714.0,12654.0,8654.6
Lichtsteiner 2008,DVS,sort,20,419.4,19.64,,,0.1,,N/A (research),-0.05753121542595228,0.37277482546965596,0.1374955184816112,786.6,12654.0,8320.6
Lichtsteiner 2008,DVS,sort,10,209.7,19.39,,,0.1,,N/A (research),-0.055840050576892696,0.3723785076199274,0.13789498674185396,758.2,12654.0,8312.4
Samsung DVS-Gen3.1,DVS,iou,10,209.7,10.01,,,0.1,,~$100-300 (module),0.857325746799431,0.2403164032629151,0.7417697812614898,337.8,12654.0,12140.8
Samsung DVS-Gen3.1,DVS,iou,20,419.4,10.02,,,0.1,,~$100-300 (module),0.8587640271850798,0.24006214132482154,0.7511507401568466,340.0,12654.0,12138.0
Samsung DVS-Gen3.1,DVS,iou,50,1048.5,10.05,,,0.1,,~$100-300 (module),0.8560929350403035,0.2397836375708285,0.7467613866297929,331.8,12654.0,12136.8
Lichtsteiner 2008,DVS,sort,2,41.9,19.19,,,0.1,,N/A (research),-0.05021337126600285,0.3721054403638027,0.14760871978285034,756.4,12654.0,8299.0
Lichtsteiner 2008,DVS,sort,5,104.8,19.27,,,0.1,,N/A (research),-0.055571360834518746,0.37099835610953724,0.14458795039564812,757.6,12654.0,8263.2
Samsung DVS-Gen3.1,DVS,iou,200,4193.8,10.2,,,0.1,,~$100-300 (module),0.8555397502765925,0.23930014064645194,0.7404510076511606,327.6,12654.0,12136.4
Samsung DVS-Gen3.1,DVS,iou,100,2096.9,10.1,,,0.1,,~$100-300 (module),0.8614667298877825,0.2399771904522301,0.7453807193438275,317.0,12654.0,12140.8
Samsung DVS-Gen3.1,DVS,iou,500,10484.5,10.51,,,0.1,,~$100-300 (module),0.8587166113481903,0.24091977394554212,0.7390569091932899,364.2,12654.0,12139.2
Lichtsteiner 2008,DVS,sort,50,1048.5,20.4,,,0.1,,N/A (research),-0.05520783941836575,0.3714080797684055,0.14586027751210762,734.8,12654.0,8442.2
Lichtsteiner 2008,DVS,sort,1,21.0,19.17,,,0.1,,N/A (research),-0.05049786628734001,0.3712918010308226,0.14533520808275982,758.6,12654.0,8292.0
DAVIS346,DVS,sort,10,209.7,10.02,,,0.1,,"~$3,000 (dev kit)",0.49609609609609606,0.3164098026799594,0.38248777710294474,755.6,12654.0,10838.4
DAVIS346,DVS,sort,1,21.0,10.0,,,0.1,,"~$3,000 (dev kit)",0.5030662241188557,0.31732451269139,0.4022455782811285,734.2,12654.0,10874.4
DAVIS346,DVS,sort,2,41.9,10.0,,,0.1,,"~$3,000 (dev kit)",0.5009325114588272,0.31562066844401904,0.39479023146847736,738.8,12654.0,10854.4
DAVIS346,DVS,sort,5,104.8,10.01,,,0.1,,"~$3,000 (dev kit)",0.4947210368263,0.3173709420637195,0.40120673215181546,749.8,12654.0,10834.0
DAVIS346,DVS,sort,500,10484.5,11.24,,,0.1,,"~$3,000 (dev kit)",0.49407302038880985,0.3179328478035945,0.38329854918468687,745.4,12654.0,10841.8
DAVIS346,DVS,sort,200,4193.8,10.5,,,0.1,,"~$3,000 (dev kit)",0.4934566145092461,0.3149840357548279,0.37724772170774834,788.8,12654.0,10802.6
DAVIS346,DVS,sort,50,1048.5,10.12,,,0.1,,"~$3,000 (dev kit)",0.49160739687055477,0.31547697207176645,0.38675902487698177,734.4,12654.0,10867.6
DAVIS346,DVS,sort,100,2096.9,10.25,,,0.1,,"~$3,000 (dev kit)",0.49427848901533106,0.31620685180574243,0.3867377435539831,769.6,12654.0,10854.2
DAVIS346,DVS,sort,20,419.4,10.05,,,0.1,,"~$3,000 (dev kit)",0.49510036352141623,0.3165271530912463,0.37451251872246744,778.8,12654.0,10791.4
Prophesee IMX636,DVS,centroid,2,41.9,32.0,,,0.1,,"~$3,500 (EVK4 kit)",-0.5042516200410937,0.3639828400949951,0.073990544790114,862.2,12654.0,11126.6
Prophesee IMX636,DVS,centroid,1,21.0,32.0,,,0.1,,"~$3,500 (EVK4 kit)",-0.4978504820610084,0.36329345117052114,0.07509186817094486,853.8,12654.0,11140.0
Prophesee IMX636,DVS,centroid,5,104.8,32.0,,,0.1,,"~$3,500 (EVK4 kit)",-0.5057689268215585,0.3628029792951652,0.07186323736720454,887.8,12654.0,11146.6
Prophesee IMX636,DVS,centroid,20,419.4,32.01,,,0.1,,"~$3,500 (EVK4 kit)",-0.49824561403508766,0.3630664154869362,0.07570207675676828,884.4,12654.0,11149.6
Prophesee IMX636,DVS,centroid,10,209.7,32.01,,,0.1,,"~$3,500 (EVK4 kit)",-0.5031610557926347,0.36358975543703287,0.07410575979013681,869.4,12654.0,11144.8
Prophesee IMX636,DVS,centroid,50,1048.5,32.03,,,0.1,,"~$3,500 (EVK4 kit)",-0.4991465149359886,0.3685058642381974,0.075217007455975,866.2,12654.0,11150.0
Prophesee IMX636,DVS,centroid,100,2096.9,32.05,,,0.1,,"~$3,500 (EVK4 kit)",-0.5099257151888731,0.3656049914990086,0.07218447431745273,868.2,12654.0,11147.2
Prophesee IMX636,DVS,centroid,500,10484.5,32.25,,,0.1,,"~$3,500 (EVK4 kit)",-0.5451082661608977,0.3784054024135732,0.06868483584911014,755.4,12654.0,11111.2
Prophesee IMX636,DVS,iou,10,209.7,32.01,,,0.1,,"~$3,500 (EVK4 kit)",-0.21504662557294135,0.3636310234615346,0.08249207831743369,603.4,12654.0,7206.2
Prophesee IMX636,DVS,iou,1,21.0,32.0,,,0.1,,"~$3,500 (EVK4 kit)",-0.21834992887624466,0.36200210455509235,0.08377686979221213,598.0,12654.0,7296.2
Prophesee IMX636,DVS,centroid,200,4193.8,32.1,,,0.1,,"~$3,500 (EVK4 kit)",-0.5108740319266636,0.3704584837568592,0.07013406075754011,841.0,12654.0,11140.4
Prophesee IMX636,DVS,iou,5,104.8,32.0,,,0.1,,"~$3,500 (EVK4 kit)",-0.21926663505610877,0.36185679882420524,0.08291649585807895,614.6,12654.0,7230.0
Prophesee IMX636,DVS,iou,2,41.9,32.0,,,0.1,,"~$3,500 (EVK4 kit)",-0.21958274063537223,0.36323356435291637,0.08000655230598186,604.8,12654.0,7270.2
Prophesee IMX636,DVS,iou,50,1048.5,32.03,,,0.1,,"~$3,500 (EVK4 kit)",-0.2112375533428165,0.36797538305790783,0.08566940762514634,608.6,12654.0,7230.8
Prophesee IMX636,DVS,iou,20,419.4,32.01,,,0.1,,"~$3,500 (EVK4 kit)",-0.221653232179548,0.36254508848818107,0.08028728967505062,633.2,12654.0,7315.2
Prophesee IMX636,DVS,iou,500,10484.5,32.25,,,0.1,,"~$3,500 (EVK4 kit)",-0.24518729255571362,0.3773113713067846,0.07351040297475905,580.4,12654.0,6981.0
Prophesee IMX636,DVS,iou,100,2096.9,32.05,,,0.1,,"~$3,500 (EVK4 kit)",-0.22740635372214318,0.3649500353966168,0.07744222541336858,614.0,12654.0,7324.4
Prophesee IMX636,DVS,iou,200,4193.8,32.1,,,0.1,,"~$3,500 (EVK4 kit)",-0.21686423265370633,0.3693304524359524,0.0825840913235901,623.2,12654.0,7137.8
Samsung DVS-Gen3.1,DVS,sort,1,21.0,10.0,,,0.1,,~$100-300 (module),0.899272957167694,0.20337496957911122,0.8335782615179974,196.8,12654.0,12097.4
OV7251 (OmniVision),CIS,centroid,5,104.8,40.0,17.4,120.0,,1.0,~$3-5,0.9140350877192983,0.17020301201485433,0.8673720983891249,171.6,12654.0,11848.6
OV7251 (OmniVision),CIS,centroid,2,41.9,40.0,7.0,120.0,,1.0,~$3-5,0.9257784099889363,0.147219229159032,0.8926269902645638,141.2,12654.0,11856.4
OV7251 (OmniVision),CIS,centroid,10,209.7,40.0,34.8,120.0,,1.0,~$3-5,0.8266002844950213,0.1981572507329279,0.7547844075051331,311.6,12654.0,11860.6
OV7251 (OmniVision),CIS,centroid,1,21.0,40.0,3.5,120.0,,1.0,~$3-5,0.9290501027343133,0.1414383415894528,0.8849955499022402,126.6,12654.0,11883.2
Samsung DVS-Gen3.1,DVS,sort,2,41.9,10.0,,,0.1,,~$100-300 (module),0.8931088983720563,0.2035025462278864,0.8178155639546144,214.0,12654.0,12091.4
OV7251 (OmniVision),CIS,centroid,100,2096.9,40.0,348.3,120.0,,1.0,~$3-5,0.29048522206416943,0.1669766977549325,0.321863730246359,535.4,12654.0,6632.4
Samsung DVS-Gen3.1,DVS,sort,10,209.7,10.01,,,0.1,,~$100-300 (module),0.8926979611190138,0.2034712700031532,0.8165645055526589,211.2,12654.0,12090.6
Samsung DVS-Gen3.1,DVS,sort,5,104.8,10.01,,,0.1,,~$100-300 (module),0.8925715188873082,0.20336693252472987,0.8142234218704164,202.6,12654.0,12092.0
Samsung DVS-Gen3.1,DVS,sort,50,1048.5,10.05,,,0.1,,~$100-300 (module),0.8964122016753595,0.2031527446443643,0.8328284290854256,188.0,12654.0,12091.6
OV7251 (OmniVision),CIS,centroid,500,10484.5,40.0,1741.7,120.0,,1.0,~$3-5,0.35757863126284184,0.14040848337324247,0.41372487113287076,154.4,12654.0,4679.2
OV7251 (OmniVision),CIS,centroid,200,4193.8,40.0,696.7,120.0,,1.0,~$3-5,0.3407934250039514,0.1458525194920023,0.36193720825315256,246.4,12654.0,5024.8
Samsung DVS-Gen3.1,DVS,sort,20,419.4,10.02,,,0.1,,~$100-300 (module),0.8949581160107476,0.2028465462496723,0.8195424638111651,207.8,12654.0,12102.6
OV7251 (OmniVision),CIS,centroid,50,1048.5,40.0,174.2,120.0,,1.0,~$3-5,0.2700015805278963,0.20153317950125613,0.3341209902428608,907.6,12654.0,9714.6
Samsung DVS-Gen3.1,DVS,sort,200,4193.8,10.2,,,0.1,,~$100-300 (module),0.8945787893156314,0.20154286837571922,0.8087428014777778,191.8,12654.0,12083.8
Samsung DVS-Gen3.1,DVS,sort,100,2096.9,10.1,,,0.1,,~$100-300 (module),0.8943259048522206,0.2033372857858437,0.818722521504484,199.4,12654.0,12093.8
OV7251 (OmniVision),CIS,centroid,20,419.4,40.0,69.7,120.0,,1.0,~$3-5,0.561245455982298,0.215822035437377,0.5043882232653679,755.6,12654.0,11636.4
Samsung DVS-Gen3.1,DVS,sort,500,10484.5,10.51,,,0.1,,~$100-300 (module),0.8967441125335862,0.20375121752877118,0.8190371075643835,212.6,12654.0,12091.6
OV7251 (OmniVision),CIS,iou,1,21.0,40.0,3.5,120.0,,1.0,~$3-5,0.934297455350087,0.14143529064558621,0.9260997375766575,60.0,12654.0,11883.0
OV7251 (OmniVision),CIS,iou,5,104.8,40.0,17.4,120.0,,1.0,~$3-5,0.917196143511933,0.16990798379742938,0.8438158301449917,113.0,12654.0,11810.0
OV7251 (OmniVision),CIS,iou,10,209.7,40.0,34.8,120.0,,1.0,~$3-5,0.8103840682788052,0.19666515880516822,0.6395313916147923,506.6,12654.0,11590.8
OV7251 (OmniVision),CIS,iou,100,2096.9,40.0,348.3,120.0,,1.0,~$3-5,0.3305516042358148,0.16326829007442684,0.3601397856027617,369.6,12654.0,5996.0
OV7251 (OmniVision),CIS,iou,2,41.9,40.0,7.0,120.0,,1.0,~$3-5,0.9312786470681207,0.1472135329994516,0.9310983545423397,71.2,12654.0,11856.0
OV7251 (OmniVision),CIS,iou,20,419.4,40.0,69.7,120.0,,1.0,~$3-5,0.5572941362415047,0.2134488437993458,0.45282051255171085,1053.8,12654.0,11001.4
OV7251 (OmniVision),CIS,iou,50,1048.5,40.0,174.2,120.0,,1.0,~$3-5,0.3251778093883357,0.19794188228708892,0.3429760736594605,798.2,12654.0,8701.8
OV7251 (OmniVision),CIS,iou,200,4193.8,40.0,696.7,120.0,,1.0,~$3-5,0.35146198830409353,0.14517099269453276,0.3976584897585715,176.0,12654.0,4865.4
OV7251 (OmniVision),CIS,iou,500,10484.5,40.0,1741.7,120.0,,1.0,~$3-5,0.35975975975975977,0.14045534714592484,0.4529816969429568,107.4,12654.0,4659.8
IMX327 (Sony),CIS,centroid,1,21.0,300.0,3.5,60.0,,1.0,~$15-25,0.9977556503872294,0.06371851026885442,0.9875652586616042,4.4,12654.0,12630.0
IMX327 (Sony),CIS,centroid,500,10484.5,300.0,1741.7,60.0,,1.0,~$15-25,0.3874348032242769,0.05865988272350716,0.48885676645743503,77.2,12654.0,4979.8
IMX327 (Sony),CIS,centroid,10,209.7,300.0,34.8,60.0,,1.0,~$15-25,0.9002212739054845,0.14502562461513754,0.8523836040338951,164.6,12654.0,12606.0
IMX327 (Sony),CIS,centroid,2,41.9,300.0,7.0,60.0,,1.0,~$15-25,0.9975027659238187,0.07432877376443842,0.9840373358645784,7.2,12654.0,12630.0
IMX327 (Sony),CIS,centroid,50,1048.5,300.0,174.2,60.0,,1.0,~$15-25,0.2962541488857278,0.1420312980757133,0.3936849984717261,796.0,12654.0,10395.2
IMX327 (Sony),CIS,centroid,200,4193.8,300.0,696.7,60.0,,1.0,~$15-25,0.3727675043464517,0.06438534594085064,0.4361918404416084,149.0,12654.0,5354.8
IMX327 (Sony),CIS,centroid,5,104.8,300.0,17.4,60.0,,1.0,~$15-25,0.9891575786312629,0.10828894356379368,0.9394863916355577,28.4,12654.0,12629.6
IMX327 (Sony),CIS,centroid,20,419.4,300.0,69.7,60.0,,1.0,~$15-25,0.6299826141931405,0.1671571169337903,0.6061659005880256,574.2,12654.0,12390.4
IMX327 (Sony),CIS,centroid,100,2096.9,300.0,348.3,60.0,,1.0,~$15-25,0.3178915757863126,0.09330059122043559,0.3718930335694381,413.8,12654.0,7082.4
OV7251 (OmniVision),CIS,sort,500,10484.5,40.0,1741.7,120.0,,1.0,~$3-5,0.36181444602497237,0.10101298720307061,0.4669905614504355,77.6,12654.0,4656.0
OV7251 (OmniVision),CIS,sort,200,4193.8,40.0,696.7,120.0,,1.0,~$3-5,0.36103998735577686,0.10965432039339129,0.44591974390724526,126.4,12654.0,4844.2
Prophesee IMX636,DVS,sort,1,21.0,32.0,,,0.1,,"~$3,500 (EVK4 kit)",-0.2281808123913387,0.37971287249556634,0.08035074489545968,422.0,12654.0,6130.6
IMX327 (Sony),CIS,iou,1,21.0,300.0,3.5,60.0,,1.0,~$15-25,0.9978820926189347,0.06371851026885442,0.9917734535674736,2.8,12654.0,12630.0
OV7251 (OmniVision),CIS,sort,100,2096.9,40.0,348.3,120.0,,1.0,~$3-5,0.351683262209578,0.13197044703142513,0.4096400429973645,296.6,12654.0,5761.2
Prophesee IMX636,DVS,sort,2,41.9,32.0,,,0.1,,"~$3,500 (EVK4 kit)",-0.22415046625572937,0.38041726680196,0.0794629423322214,413.6,12654.0,6067.2
IMX327 (Sony),CIS,iou,2,41.9,300.0,7.0,60.0,,1.0,~$15-25,0.9978820926189347,0.07432877376443842,0.9883720930232558,2.4,12654.0,12630.0
IMX327 (Sony),CIS,iou,100,2096.9,300.0,348.3,60.0,,1.0,~$15-25,0.35757863126284184,0.08895976520013296,0.4305051859433041,294.8,12654.0,6430.8
IMX327 (Sony),CIS,iou,500,10484.5,300.0,1741.7,60.0,,1.0,~$15-25,0.3881618460565829,0.058668820195706094,0.5000113494495517,56.2,12654.0,4968.0
Prophesee IMX636,DVS,sort,10,209.7,32.01,,,0.1,,"~$3,500 (EVK4 kit)",-0.22141615299510034,0.3807241169565142,0.08042046979560297,421.8,12654.0,6026.4
IMX327 (Sony),CIS,iou,5,104.8,300.0,17.4,60.0,,1.0,~$15-25,0.9871503082029397,0.10795583602511816,0.9095775602741227,36.2,12654.0,12597.2
Prophesee IMX636,DVS,sort,50,1048.5,32.03,,,0.1,,"~$3,500 (EVK4 kit)",-0.21991465149359887,0.3870604943331805,0.07995190100976678,423.0,12654.0,6028.2
IMX327 (Sony),CIS,iou,200,4193.8,300.0,696.7,60.0,,1.0,~$15-25,0.384257942152679,0.06370908715985588,0.4808053620163782,93.8,12654.0,5198.6
Prophesee IMX636,DVS,sort,20,419.4,32.01,,,0.1,,"~$3,500 (EVK4 kit)",-0.22383436067646598,0.3785012423848472,0.07767987984157473,441.4,12654.0,6085.8
Prophesee IMX636,DVS,sort,100,2096.9,32.05,,,0.1,,"~$3,500 (EVK4 kit)",-0.2273589378852537,0.3826514525681079,0.08023014755587704,422.6,12654.0,6142.4
Prophesee IMX636,DVS,sort,200,4193.8,32.1,,,0.1,,"~$3,500 (EVK4 kit)",-0.2142563616247827,0.3823275583954066,0.07821341062155764,436.6,12654.0,6029.8
IMX327 (Sony),CIS,iou,10,209.7,300.0,34.8,60.0,,1.0,~$15-25,0.8839734471313418,0.14323686201769528,0.7399718275580481,361.0,12654.0,12362.4
IMX327 (Sony),CIS,iou,20,419.4,300.0,69.7,60.0,,1.0,~$15-25,0.6191085822664769,0.16375238720907243,0.5236071580997995,936.4,12654.0,11753.4
IMX327 (Sony),CIS,iou,50,1048.5,300.0,174.2,60.0,,1.0,~$15-25,0.3496285759443654,0.13686574050948802,0.4111160188318757,711.8,12654.0,9366.0
Prophesee IMX636,DVS,sort,5,104.8,32.0,,,0.1,,"~$3,500 (EVK4 kit)",-0.21858700806069228,0.3788322677425588,0.0828130350182534,419.8,12654.0,6045.0
OV7251 (OmniVision),CIS,sort,5,104.8,40.0,17.4,120.0,,1.0,~$3-5,0.9309625414888572,0.12294080987911937,0.9365105648541029,39.8,12654.0,11832.6
OV7251 (OmniVision),CIS,sort,1,21.0,40.0,3.5,120.0,,1.0,~$3-5,0.9369685474948632,0.1005329865794066,0.9549265619980083,26.4,12654.0,11882.8
OV7251 (OmniVision),CIS,sort,10,209.7,40.0,34.8,120.0,,1.0,~$3-5,0.8684526631895053,0.15252125042611556,0.7806939882047123,259.2,12654.0,11597.0
OV7251 (OmniVision),CIS,sort,2,41.9,40.0,7.0,120.0,,1.0,~$3-5,0.9347400031610558,0.1045319162805231,0.9428460908451788,27.0,12654.0,11855.2
Prophesee IMX636,DVS,sort,500,10484.5,32.25,,,0.1,,"~$3,500 (EVK4 kit)",-0.22070491544175758,0.3863244546982688,0.07795276510895771,420.4,12654.0,5921.6
OV7251 (OmniVision),CIS,sort,50,1048.5,40.0,174.2,120.0,,1.0,~$3-5,0.3685949107001739,0.16519059705418454,0.39647139764585104,650.6,12654.0,8090.8
OV7251 (OmniVision),CIS,sort,20,419.4,40.0,69.7,120.0,,1.0,~$3-5,0.6420736525999684,0.17836702058680823,0.5518216894372897,656.4,12654.0,10647.6
AR0234 (ON Semi),CIS,centroid,200,4193.8,250.0,696.7,120.0,,1.0,~$20-40,0.3474790580053738,0.08255080312277198,0.40122097003915086,172.6,12654.0,5028.0
AR0234 (ON Semi),CIS,centroid,500,10484.5,250.0,1741.7,120.0,,1.0,~$20-40,0.3627943733206891,0.07603645933395073,0.44932434967260493,85.2,12654.0,4676.0
AR0234 (ON Semi),CIS,centroid,1,21.0,250.0,3.5,120.0,,1.0,~$20-40,0.9378852536747274,0.07867101455753893,0.9562137925838534,15.2,12654.0,11883.2
AR0234 (ON Semi),CIS,centroid,100,2096.9,250.0,348.3,120.0,,1.0,~$20-40,0.30052157420578474,0.10988411512264999,0.34738114931987385,421.8,12654.0,6642.6
AR0234 (ON Semi),CIS,iou,2,41.9,250.0,7.0,120.0,,1.0,~$20-40,0.9359095938043307,0.08736433190077775,0.9542849806795572,13.6,12654.0,11856.6
AR0234 (ON Semi),CIS,centroid,10,209.7,250.0,34.8,120.0,,1.0,~$20-40,0.8502449818239292,0.1549587942874864,0.8270253088677819,158.2,12654.0,11867.2
AR0234 (ON Semi),CIS,centroid,2,41.9,250.0,7.0,120.0,,1.0,~$20-40,0.9352773826458037,0.0873651093647636,0.945182165871867,21.4,12654.0,11856.4
AR0234 (ON Semi),CIS,centroid,50,1048.5,250.0,174.2,120.0,,1.0,~$20-40,0.28836731468310417,0.15562991002205528,0.3524026962532246,754.2,12654.0,9722.0
AR0234 (ON Semi),CIS,centroid,5,104.8,250.0,17.4,120.0,,1.0,~$20-40,0.9275169906748854,0.11847174982087846,0.9226580394313411,37.8,12654.0,11848.6
AR0234 (ON Semi),CIS,centroid,20,419.4,250.0,69.7,120.0,,1.0,~$20-40,0.5878299351983562,0.17616127752933036,0.5660502425999022,595.8,12654.0,11652.2
AR0234 (ON Semi),CIS,iou,1,21.0,250.0,3.5,120.0,,1.0,~$20-40,0.9383119962067331,0.07866936943032429,0.9557643527293035,10.0,12654.0,11883.4
AR0234 (ON Semi),CIS,iou,5,104.8,250.0,17.4,120.0,,1.0,~$20-40,0.9261893472419789,0.11825283050521825,0.889106927389631,43.6,12654.0,11825.6
AR0234 (ON Semi),CIS,iou,10,209.7,250.0,34.8,120.0,,1.0,~$20-40,0.8325430693851746,0.15333262173052264,0.6943807616854214,373.0,12654.0,11628.0
AR0234 (ON Semi),CIS,iou,20,419.4,250.0,69.7,120.0,,1.0,~$20-40,0.5802275960170696,0.17332875038053264,0.4886642671689711,930.0,12654.0,11042.6
AR0234 (ON Semi),CIS,iou,50,1048.5,250.0,174.2,120.0,,1.0,~$20-40,0.33894420736526004,0.15050707633871335,0.381575523586485,685.6,12654.0,8737.4
IMX327 (Sony),CIS,sort,500,10484.5,300.0,1741.7,60.0,,1.0,~$15-25,0.3883198988462146,0.041961203860946567,0.5065259334922256,54.2,12654.0,4968.0
AR0234 (ON Semi),CIS,iou,100,2096.9,250.0,348.3,120.0,,1.0,~$20-40,0.338675517622886,0.10535163644440629,0.40088846958440094,291.0,12654.0,6009.4
AR0234 (ON Semi),CIS,iou,500,10484.5,250.0,1741.7,120.0,,1.0,~$20-40,0.3630946736209894,0.07607600009071477,0.4665208558878381,66.0,12654.0,4660.6
AR0234 (ON Semi),CIS,iou,200,4193.8,250.0,696.7,120.0,,1.0,~$20-40,0.357689268215584,0.08188242513728032,0.4317526209431938,114.0,12654.0,4874.6
IMX327 (Sony),CIS,sort,200,4193.8,300.0,696.7,60.0,,1.0,~$15-25,0.39020072704283226,0.05212736746523581,0.49851938967748266,82.4,12654.0,5167.6
IMX462 (Sony),CIS,centroid,1,21.0,310.0,3.5,120.0,,1.0,~$20-30,0.9977556503872294,0.06371851026885442,0.9875652586616042,4.4,12654.0,12630.0
IMX462 (Sony),CIS,centroid,2,41.9,310.0,7.0,120.0,,1.0,~$20-30,0.9975027659238187,0.07432877376443842,0.9840373358645784,7.2,12654.0,12630.0
IMX462 (Sony),CIS,centroid,10,209.7,310.0,34.8,120.0,,1.0,~$20-30,0.9002212739054845,0.14502562461513754,0.8523836040338951,164.6,12654.0,12606.0
IMX462 (Sony),CIS,centroid,5,104.8,310.0,17.4,120.0,,1.0,~$20-30,0.9891575786312629,0.10828894356379368,0.9394863916355577,28.4,12654.0,12629.6
IMX462 (Sony),CIS,centroid,20,419.4,310.0,69.7,120.0,,1.0,~$20-30,0.6299826141931405,0.1671571169337903,0.6061659005880256,574.2,12654.0,12390.4
IMX327 (Sony),CIS,sort,1,21.0,300.0,3.5,60.0,,1.0,~$15-25,0.998103366524419,0.04766364009149971,0.9990507831039392,0.0,12654.0,12630.0
IMX462 (Sony),CIS,centroid,50,1048.5,310.0,174.2,120.0,,1.0,~$20-30,0.2962541488857278,0.1420312980757133,0.3936849984717261,796.0,12654.0,10395.2
IMX327 (Sony),CIS,sort,100,2096.9,300.0,348.3,60.0,,1.0,~$15-25,0.37989568515884303,0.08056361350002904,0.4689064542733212,250.4,12654.0,6169.6
IMX462 (Sony),CIS,centroid,100,2096.9,310.0,348.3,120.0,,1.0,~$20-30,0.3178915757863126,0.09330059122043559,0.3718930335694381,413.8,12654.0,7082.4
IMX462 (Sony),CIS,centroid,200,4193.8,310.0,696.7,120.0,,1.0,~$20-30,0.3727675043464517,0.06438534594085064,0.4361918404416084,149.0,12654.0,5354.8
IMX462 (Sony),CIS,centroid,500,10484.5,310.0,1741.7,120.0,,1.0,~$20-30,0.3874348032242769,0.05865988272350716,0.48885676645743503,77.2,12654.0,4979.8
IMX327 (Sony),CIS,sort,2,41.9,300.0,7.0,60.0,,1.0,~$15-25,0.9980717559664928,0.05451083117553342,0.9947476665084638,0.4,12654.0,12630.0
IMX462 (Sony),CIS,iou,1,21.0,310.0,3.5,120.0,,1.0,~$20-30,0.9978820926189347,0.06371851026885442,0.9917734535674736,2.8,12654.0,12630.0
IMX462 (Sony),CIS,iou,2,41.9,310.0,7.0,120.0,,1.0,~$20-30,0.9978820926189347,0.07432877376443842,0.9883720930232558,2.4,12654.0,12630.0
AR0234 (ON Semi),CIS,sort,500,10484.5,250.0,1741.7,120.0,,1.0,~$20-40,0.36342658447921605,0.054535951904865335,0.4648546033954051,61.0,12654.0,4659.8
IMX327 (Sony),CIS,sort,5,104.8,300.0,17.4,60.0,,1.0,~$15-25,0.9939149675991782,0.07965431245022461,0.9773004474240233,20.6,12654.0,12611.2
IMX327 (Sony),CIS,sort,10,209.7,300.0,34.8,60.0,,1.0,~$15-25,0.9311363995574522,0.11531159072191355,0.8496767995789707,214.2,12654.0,12369.2
IMX327 (Sony),CIS,sort,20,419.4,300.0,69.7,60.0,,1.0,~$15-25,0.7038090722301249,0.1450361685695974,0.6037269091584945,610.2,12654.0,11413.4
IMX462 (Sony),CIS,iou,5,104.8,310.0,17.4,120.0,,1.0,~$20-30,0.9871503082029397,0.10795583602511816,0.9095775602741227,36.2,12654.0,12597.2
IMX462 (Sony),CIS,iou,20,419.4,310.0,69.7,120.0,,1.0,~$20-30,0.6191085822664769,0.16375238720907243,0.5236071580997995,936.4,12654.0,11753.4
IMX462 (Sony),CIS,iou,200,4193.8,310.0,696.7,120.0,,1.0,~$20-30,0.384257942152679,0.06370908715985588,0.4808053620163782,93.8,12654.0,5198.6
AR0234 (ON Semi),CIS,sort,200,4193.8,250.0,696.7,120.0,,1.0,~$20-40,0.36521258100205467,0.06495739845203677,0.45626607646005013,89.4,12654.0,4853.2
IMX462 (Sony),CIS,iou,10,209.7,310.0,34.8,120.0,,1.0,~$20-30,0.8839734471313418,0.14323686201769528,0.7399718275580481,361.0,12654.0,12362.4
IMX462 (Sony),CIS,iou,100,2096.9,310.0,348.3,120.0,,1.0,~$20-30,0.35757863126284184,0.08895976520013296,0.4305051859433041,294.8,12654.0,6430.8
IMX462 (Sony),CIS,iou,50,1048.5,310.0,174.2,120.0,,1.0,~$20-30,0.3496285759443654,0.13686574050948802,0.4111160188318757,711.8,12654.0,9366.0
OV7251 (OmniVision),CIS,centroid,1,21.0,3.58,3.5,5.0,,0.04,~$3-5,0.122838628101786,0.17613980524206563,0.14056379045723902,127.4,12654.0,1709.4
IMX462 (Sony),CIS,iou,500,10484.5,310.0,1741.7,120.0,,1.0,~$20-30,0.3881618460565829,0.058668820195706094,0.5000113494495517,56.2,12654.0,4968.0
IMX327 (Sony),CIS,sort,50,1048.5,300.0,174.2,60.0,,1.0,~$15-25,0.3960802908171329,0.12517283138101917,0.45026249335563084,605.0,12654.0,8695.8
OV7251 (OmniVision),CIS,centroid,2,41.9,3.58,7.0,5.0,,0.04,~$3-5,0.10703334913861232,0.2036051121272744,0.13151756440211818,137.2,12654.0,1708.8
OV7251 (OmniVision),CIS,centroid,10,209.7,3.58,34.8,5.0,,0.04,~$3-5,0.04360676465939624,0.17796304647888309,0.07133984953138203,142.2,12654.0,1094.4
OV7251 (OmniVision),CIS,centroid,5,104.8,3.58,17.4,5.0,,0.04,~$3-5,0.05685158843053577,0.21039600806557127,0.08870394408693569,179.2,12654.0,1478.2
OV7251 (OmniVision),CIS,centroid,20,419.4,3.58,69.7,5.0,,0.04,~$3-5,0.04373320689110163,0.15136643092097093,0.058793229981257925,87.6,12654.0,734.6
AR0234 (ON Semi),CIS,sort,100,2096.9,250.0,348.3,120.0,,1.0,~$20-40,0.3580685949107002,0.09236451219290628,0.43012313869750923,257.6,12654.0,5765.4
OV7251 (OmniVision),CIS,centroid,100,2096.9,3.58,348.3,5.0,,0.04,~$3-5,0.0403824877509088,0.1391346625995296,0.050064646972754034,80.2,12654.0,591.2
OV7251 (OmniVision),CIS,centroid,50,1048.5,3.58,174.2,5.0,,0.04,~$3-5,0.04049312470365103,0.14017324276953214,0.05096137830029188,80.2,12654.0,594.2
OV7251 (OmniVision),CIS,centroid,200,4193.8,3.58,696.7,5.0,,0.04,~$3-5,0.04076181444602498,0.1400451187223946,0.05038096698920265,80.8,12654.0,597.0
OV7251 (OmniVision),CIS,centroid,500,10484.5,3.58,1741.7,5.0,,0.04,~$3-5,0.03935514461830254,0.14271791116936897,0.04602870449723413,83.4,12654.0,581.4
AR0234 (ON Semi),CIS,sort,5,104.8,250.0,17.4,120.0,,1.0,~$20-40,0.9335546072388178,0.08790066246140014,0.9421278169198024,16.8,12654.0,11838.0
OV7251 (OmniVision),CIS,iou,1,21.0,3.58,3.5,5.0,,0.04,~$3-5,0.11744902797534376,0.17265296943226915,0.13345958100265046,135.4,12654.0,1635.2
OV7251 (OmniVision),CIS,iou,5,104.8,3.58,17.4,5.0,,0.04,~$3-5,0.0580685949107002,0.1947393668217273,0.07426053942811504,169.0,12654.0,1140.2
OV7251 (OmniVision),CIS,iou,10,209.7,3.58,34.8,5.0,,0.04,~$3-5,0.046910067962699545,0.1683317706519251,0.062344996117536675,111.0,12654.0,851.0
AR0234 (ON Semi),CIS,sort,1,21.0,250.0,3.5,120.0,,1.0,~$20-40,0.9390074284811127,0.057803742347701706,0.9622719661223013,1.2,12654.0,11883.4
OV7251 (OmniVision),CIS,iou,2,41.9,3.58,7.0,5.0,,0.04,~$3-5,0.10064801643749013,0.19697496982731807,0.11583612403604102,148.6,12654.0,1540.6
AR0234 (ON Semi),CIS,sort,2,41.9,250.0,7.0,120.0,,1.0,~$20-40,0.9367946894262683,0.06365424658918586,0.9564518320700198,2.4,12654.0,11856.6
OV7251 (OmniVision),CIS,iou,20,419.4,3.58,69.7,5.0,,0.04,~$3-5,0.043543543543543575,0.14806000061913857,0.055150713587984956,78.0,12654.0,661.4
OV7251 (OmniVision),CIS,iou,500,10484.5,3.58,1741.7,5.0,,0.04,~$3-5,0.038485854275327955,0.14273106488409162,0.045634267105660646,77.2,12654.0,564.2
OV7251 (OmniVision),CIS,iou,200,4193.8,3.58,696.7,5.0,,0.04,~$3-5,0.04019282440335072,0.13996628577560521,0.050467567858892295,73.2,12654.0,582.2
OV7251 (OmniVision),CIS,iou,50,1048.5,3.58,174.2,5.0,,0.04,~$3-5,0.039876718824087255,0.14026226961789837,0.04932183477448725,75.0,12654.0,580.4
OV7251 (OmniVision),CIS,iou,100,2096.9,3.58,348.3,5.0,,0.04,~$3-5,0.03970286075549232,0.1388774220793987,0.04921100884705945,74.8,12654.0,577.2
AR0234 (ON Semi),CIS,sort,10,209.7,250.0,34.8,120.0,,1.0,~$20-40,0.8776197249881459,0.12301252096725732,0.8046209550020256,208.0,12654.0,11627.4
AR0234 (ON Semi),CIS,sort,20,419.4,250.0,69.7,120.0,,1.0,~$20-40,0.65677256203572,0.151244663385294,0.5680048203137529,597.4,12654.0,10692.2
OV7251 (OmniVision),CIS,sort,50,1048.5,3.58,174.2,5.0,,0.04,~$3-5,0.03932353406037616,0.12864627032832385,0.04927581739076414,78.6,12654.0,576.6
AR0234 (ON Semi),CIS,sort,50,1048.5,250.0,174.2,120.0,,1.0,~$20-40,0.37883673146831043,0.13406426221453052,0.42527636556892023,599.4,12654.0,8168.4
OV7251 (OmniVision),CIS,sort,100,2096.9,3.58,348.3,5.0,,0.04,~$3-5,0.039307728781412976,0.12674645112999144,0.04882968635132513,76.8,12654.0,574.2
OV7251 (OmniVision),CIS,sort,200,4193.8,3.58,696.7,5.0,,0.04,~$3-5,0.03973447131341867,0.12827838448870918,0.04999591408945926,76.2,12654.0,579.0
OV7251 (OmniVision),CIS,centroid,2,41.9,6.75,7.0,15.0,,0.12,~$3-5,0.4597281492018334,0.16260324406941845,0.5800498055529292,74.4,12654.0,5907.8
OV7251 (OmniVision),CIS,centroid,10,209.7,6.75,34.8,15.0,,0.12,~$3-5,0.29446815236288926,0.21535242327925436,0.3776756279470625,290.8,12654.0,5742.6
IMX462 (Sony),CIS,sort,500,10484.5,310.0,1741.7,120.0,,1.0,~$20-30,0.3883198988462146,0.041961203860946567,0.5065259334922256,54.2,12654.0,4968.0
OV7251 (OmniVision),CIS,sort,5,104.8,3.58,17.4,5.0,,0.04,~$3-5,0.05487592856013908,0.17583551253025206,0.0706076152958874,156.8,12654.0,1021.6
OV7251 (OmniVision),CIS,centroid,1,21.0,6.75,3.5,15.0,,0.12,~$3-5,0.46148253516674564,0.1471938930788656,0.5784819586014557,73.2,12654.0,5913.2
OV7251 (OmniVision),CIS,sort,500,10484.5,3.58,1741.7,5.0,,0.04,~$3-5,0.037916864232653724,0.13136649741630355,0.044859157054918795,81.0,12654.0,560.8
OV7251 (OmniVision),CIS,centroid,5,104.8,6.75,17.4,15.0,,0.12,~$3-5,0.41107950055318476,0.19699767113441835,0.5186756345030934,137.6,12654.0,5875.4
OV7251 (OmniVision),CIS,sort,20,419.4,3.58,69.7,5.0,,0.04,~$3-5,0.0421210684368579,0.13754672864250558,0.05336010091914005,81.8,12654.0,643.2
OV7251 (OmniVision),CIS,centroid,20,419.4,6.75,69.7,15.0,,0.12,~$3-5,0.16789947842579422,0.2071155304631141,0.26115402507476626,390.6,12654.0,5038.4
OV7251 (OmniVision),CIS,centroid,50,1048.5,6.75,174.2,15.0,,0.12,~$3-5,0.1504188398925241,0.16288437938642636,0.21651447915646171,237.4,12654.0,3116.0
OV7251 (OmniVision),CIS,centroid,100,2096.9,6.75,348.3,15.0,,0.12,~$3-5,0.16796269954164691,0.14546622729410927,0.21888979894059274,127.0,12654.0,2442.0
OV7251 (OmniVision),CIS,sort,10,209.7,3.58,34.8,5.0,,0.04,~$3-5,0.04509246088193457,0.15493155518318857,0.05995943707546468,109.6,12654.0,801.8
OV7251 (OmniVision),CIS,sort,2,41.9,3.58,7.0,5.0,,0.04,~$3-5,0.09834044570886677,0.18320886708256734,0.11231986845759008,148.0,12654.0,1482.4
OV7251 (OmniVision),CIS,centroid,500,10484.5,6.75,1741.7,15.0,,0.12,~$3-5,0.17336810494705232,0.14150341690928095,0.23694392322396157,82.4,12654.0,2276.2
OV7251 (OmniVision),CIS,centroid,200,4193.8,6.75,696.7,15.0,,0.12,~$3-5,0.17226173541963014,0.14085029374050265,0.23566833405105517,93.2,12654.0,2276.6
IMX462 (Sony),CIS,sort,200,4193.8,310.0,696.7,120.0,,1.0,~$20-30,0.39020072704283226,0.05212736746523581,0.49851938967748266,82.4,12654.0,5167.6
OV7251 (OmniVision),CIS,sort,1,21.0,3.58,3.5,5.0,,0.04,~$3-5,0.11963015647226174,0.16020818914286286,0.1381315449056704,123.4,12654.0,1650.0
OV7251 (OmniVision),CIS,iou,1,21.0,6.75,3.5,15.0,,0.12,~$3-5,0.4641220167535957,0.14719009716140083,0.6056059039027796,39.0,12654.0,5912.4
OV7251 (OmniVision),CIS,iou,5,104.8,6.75,17.4,15.0,,0.12,~$3-5,0.40388809862494074,0.19430090832252767,0.45010547055840966,185.2,12654.0,5660.8
OV7251 (OmniVision),CIS,iou,10,209.7,6.75,34.8,15.0,,0.12,~$3-5,0.2985143037774617,0.21023231320189278,0.33170375137216757,353.2,12654.0,5219.4
OV7251 (OmniVision),CIS,iou,2,41.9,6.75,7.0,15.0,,0.12,~$3-5,0.4600758653390232,0.1623235022330175,0.5641817598624896,56.2,12654.0,5891.2
OV7251 (OmniVision),CIS,iou,100,2096.9,6.75,348.3,15.0,,0.12,~$3-5,0.17264106211474634,0.14462797226857577,0.24528415739649292,83.8,12654.0,2354.0
OV7251 (OmniVision),CIS,iou,50,1048.5,6.75,174.2,15.0,,0.12,~$3-5,0.16698277224593014,0.15821342971357494,0.22808835943262307,157.8,12654.0,2753.6
OV7251 (OmniVision),CIS,iou,500,10484.5,6.75,1741.7,15.0,,0.12,~$3-5,0.17316263632053105,0.1414511036407684,0.2504234717908137,64.0,12654.0,2255.2
OV7251 (OmniVision),CIS,iou,20,419.4,6.75,69.7,15.0,,0.12,~$3-5,0.1949107001738581,0.2002732286752082,0.25278356911732386,357.6,12654.0,4312.0
OV7251 (OmniVision),CIS,iou,200,4193.8,6.75,696.7,15.0,,0.12,~$3-5,0.17249881460407773,0.14096235051242204,0.24995276517869763,69.8,12654.0,2254.2
IMX327 (Sony),CIS,centroid,2,41.9,38.75,7.0,5.0,,0.08,~$15-25,0.13742690058479531,0.1501689276349961,0.23815051010656435,39.8,12654.0,2022.4
IMX327 (Sony),CIS,centroid,1,21.0,38.75,3.5,5.0,,0.08,~$15-25,0.15768926821558402,0.11615337176956335,0.26719089490405185,15.0,12654.0,2039.6
IMX462 (Sony),CIS,sort,100,2096.9,310.0,348.3,120.0,,1.0,~$20-30,0.37989568515884303,0.08056361350002904,0.4689064542733212,250.4,12654.0,6169.6
IMX327 (Sony),CIS,centroid,10,209.7,38.75,34.8,5.0,,0.08,~$15-25,0.05729413624150468,0.11148029874767311,0.11755540641947833,103.4,12654.0,1266.4
IMX462 (Sony),CIS,sort,1,21.0,310.0,3.5,120.0,,1.0,~$20-30,0.998103366524419,0.04766364009149971,0.9990507831039392,0.0,12654.0,12630.0
IMX327 (Sony),CIS,centroid,5,104.8,38.75,17.4,5.0,,0.08,~$15-25,0.07834676782045202,0.15472346867726253,0.15674958298603747,115.6,12654.0,1779.4
IMX327 (Sony),CIS,centroid,50,1048.5,38.75,174.2,5.0,,0.08,~$15-25,0.04977082345503399,0.05873152580983275,0.07527868378053995,56.2,12654.0,688.4
IMX327 (Sony),CIS,centroid,20,419.4,38.75,69.7,5.0,,0.08,~$15-25,0.05427532795953849,0.06957842462911246,0.09264684333984861,54.0,12654.0,859.6
IMX327 (Sony),CIS,centroid,500,10484.5,38.75,1741.7,5.0,,0.08,~$15-25,0.049517938991623246,0.05846475690797498,0.07401853379209607,56.6,12654.0,683.2
IMX327 (Sony),CIS,centroid,100,2096.9,38.75,348.3,5.0,,0.08,~$15-25,0.0494705231547337,0.05759078917776948,0.07401853379209607,57.2,12654.0,683.2
IMX327 (Sony),CIS,centroid,200,4193.8,38.75,696.7,5.0,,0.08,~$15-25,0.049486328433696866,0.05829551157812065,0.07404853004155301,57.0,12654.0,683.2
IMX327 (Sony),CIS,iou,1,21.0,38.75,3.5,5.0,,0.08,~$15-25,0.1519993677888415,0.11193217013840726,0.24349060650564916,35.2,12654.0,1976.6
IMX462 (Sony),CIS,sort,10,209.7,310.0,34.8,120.0,,1.0,~$20-30,0.9311363995574522,0.11531159072191355,0.8496767995789707,214.2,12654.0,12369.2
IMX327 (Sony),CIS,iou,2,41.9,38.75,7.0,5.0,,0.08,~$15-25,0.12941362415046626,0.1404170010629401,0.20231455793571196,73.0,12654.0,1838.2
IMX327 (Sony),CIS,iou,10,209.7,38.75,34.8,5.0,,0.08,~$15-25,0.06081871345029242,0.09545050755578306,0.10340563072861975,80.2,12654.0,1005.0
IMX327 (Sony),CIS,iou,5,104.8,38.75,17.4,5.0,,0.08,~$15-25,0.07725620357199306,0.1329947846603444,0.1298414588597537,122.8,12654.0,1378.4
IMX327 (Sony),CIS,iou,20,419.4,38.75,69.7,5.0,,0.08,~$15-25,0.053911806543385454,0.0667765987298534,0.08745955597207818,49.2,12654.0,778.2
IMX462 (Sony),CIS,sort,2,41.9,310.0,7.0,120.0,,1.0,~$20-30,0.9980717559664928,0.05451083117553342,0.9947476665084638,0.4,12654.0,12630.0
IMX327 (Sony),CIS,iou,100,2096.9,38.75,348.3,5.0,,0.08,~$15-25,0.049296665086138766,0.05759996303594676,0.07404962851874083,53.8,12654.0,677.6
IMX327 (Sony),CIS,iou,50,1048.5,38.75,174.2,5.0,,0.08,~$15-25,0.04972340761814446,0.05881080584503492,0.07539808570635016,52.0,12654.0,683.2
IMX327 (Sony),CIS,iou,500,10484.5,38.75,1741.7,5.0,,0.08,~$15-25,0.04939149675991783,0.05848352323995772,0.074106299102122,53.2,12654.0,678.2
IMX327 (Sony),CIS,iou,200,4193.8,38.75,696.7,5.0,,0.08,~$15-25,0.04935988620199148,0.05823938568103241,0.07410963451934091,53.0,12654.0,677.6
IMX462 (Sony),CIS,sort,5,104.8,310.0,17.4,120.0,,1.0,~$20-30,0.9939149675991782,0.07965431245022461,0.9773004474240233,20.6,12654.0,12611.2
OV7251 (OmniVision),CIS,sort,200,4193.8,6.75,696.7,15.0,,0.12,~$3-5,0.17311522048364153,0.11392252022107704,0.2508017966793877,59.0,12654.0,2250.0
OV7251 (OmniVision),CIS,sort,500,10484.5,6.75,1741.7,15.0,,0.12,~$3-5,0.17311522048364153,0.11374672364432636,0.2527800719373192,60.0,12654.0,2250.6
IMX462 (Sony),CIS,sort,20,419.4,310.0,69.7,120.0,,1.0,~$20-30,0.7038090722301249,0.1450361685695974,0.6037269091584945,610.2,12654.0,11413.4
OV7251 (OmniVision),CIS,sort,100,2096.9,6.75,348.3,15.0,,0.12,~$3-5,0.17344713134186818,0.11903203821658144,0.24201068330839917,78.2,12654.0,2340.2
IMX327 (Sony),CIS,centroid,2,41.9,86.25,7.0,15.0,,0.25,~$15-25,0.4962067330488383,0.0966629887166082,0.6404009496175151,10.0,12654.0,6301.0
IMX327 (Sony),CIS,sort,500,10484.5,38.75,1741.7,5.0,,0.08,~$15-25,0.04921763869132292,0.053362634754166485,0.07402517137597522,53.8,12654.0,676.6
IMX327 (Sony),CIS,sort,100,2096.9,38.75,348.3,5.0,,0.08,~$15-25,0.049138612296507046,0.05260422102235579,0.07405851462865717,54.2,12654.0,676.0
IMX327 (Sony),CIS,sort,50,1048.5,38.75,174.2,5.0,,0.08,~$15-25,0.04943891259680733,0.05406124415536252,0.07502165350843122,53.2,12654.0,680.8
OV7251 (OmniVision),CIS,sort,50,1048.5,6.75,174.2,15.0,,0.12,~$3-5,0.17036510194404933,0.1350934027569519,0.2337284008662488,147.6,12654.0,2671.4
IMX327 (Sony),CIS,sort,200,4193.8,38.75,696.7,5.0,,0.08,~$15-25,0.04912280701754388,0.05323319527544088,0.07406073974172485,54.0,12654.0,675.6
IMX462 (Sony),CIS,sort,50,1048.5,310.0,174.2,120.0,,1.0,~$20-30,0.3960802908171329,0.12517283138101917,0.45026249335563084,605.0,12654.0,8695.8
IMX327 (Sony),CIS,centroid,1,21.0,86.25,3.5,15.0,,0.25,~$15-25,0.49747115536589226,0.07380002731260149,0.6558480611975732,6.0,12654.0,6301.0
IMX327 (Sony),CIS,centroid,10,209.7,86.25,34.8,15.0,,0.25,~$15-25,0.3261735419630156,0.16630440395816495,0.438261994761581,229.0,12654.0,6115.2
IMX327 (Sony),CIS,centroid,200,4193.8,86.25,696.7,15.0,,0.25,~$15-25,0.18727675043464515,0.05842361858137052,0.2756665456016241,54.6,12654.0,2428.0
OV7251 (OmniVision),CIS,sort,1,21.0,6.75,3.5,15.0,,0.12,~$3-5,0.4657657657657658,0.11833743806863188,0.6187761089664926,17.8,12654.0,5911.6
IMX327 (Sony),CIS,centroid,20,419.4,86.25,69.7,15.0,,0.25,~$15-25,0.1879247668721353,0.15247293292586073,0.3131151995084166,354.8,12654.0,5393.2
OV7251 (OmniVision),CIS,sort,5,104.8,6.75,17.4,15.0,,0.12,~$3-5,0.4186660344555081,0.16427669116779509,0.48646056462906806,131.4,12654.0,5636.8
IMX327 (Sony),CIS,sort,20,419.4,38.75,69.7,5.0,,0.08,~$15-25,0.052852852852852836,0.06388307827667009,0.08310216249706168,54.0,12654.0,760.8
IMX327 (Sony),CIS,centroid,100,2096.9,86.25,348.3,15.0,,0.25,~$15-25,0.18408408408408408,0.06363365805841173,0.26065379738378713,78.0,12654.0,2600.2
IMX327 (Sony),CIS,centroid,50,1048.5,86.25,174.2,15.0,,0.25,~$15-25,0.16642958748221906,0.08919063889270688,0.2594555898429125,189.4,12654.0,3356.2
OV7251 (OmniVision),CIS,sort,2,41.9,6.75,7.0,15.0,,0.12,~$3-5,0.4641062114746325,0.13085503889777977,0.6068210783986012,25.4,12654.0,5901.0
IMX327 (Sony),CIS,centroid,5,104.8,86.25,17.4,15.0,,0.25,~$15-25,0.45399083293820136,0.14457124012698727,0.5892843003372286,66.4,12654.0,6285.6
IMX327 (Sony),CIS,sort,10,209.7,38.75,34.8,5.0,,0.08,~$15-25,0.05909593804330646,0.0863254351006199,0.09710117038087815,75.8,12654.0,952.4
IMX327 (Sony),CIS,centroid,500,10484.5,86.25,1741.7,15.0,,0.25,~$15-25,0.1874348032242769,0.058484469794736746,0.2783628521968209,53.8,12654.0,2425.6
IMX327 (Sony),CIS,iou,1,21.0,86.25,3.5,15.0,,0.25,~$15-25,0.4977556503872293,0.07380002731260149,0.6597731469269322,2.4,12654.0,6301.0
IMX327 (Sony),CIS,sort,2,41.9,38.75,7.0,5.0,,0.08,~$15-25,0.1278805120910384,0.1337033746758513,0.19572693487357137,77.4,12654.0,1794.8
IMX327 (Sony),CIS,sort,1,21.0,38.75,3.5,5.0,,0.08,~$15-25,0.15672514619883043,0.10814924301701853,0.25684044938371187,16.2,12654.0,2010.2
IMX327 (Sony),CIS,sort,5,104.8,38.75,17.4,5.0,,0.08,~$15-25,0.0727200885095622,0.1194521874262553,0.1228986522998026,118.4,12654.0,1253.0
OV7251 (OmniVision),CIS,sort,20,419.4,6.75,69.7,15.0,,0.12,~$3-5,0.1984984984984985,0.17240331034903209,0.26371317405063827,337.4,12654.0,3951.2
OV7251 (OmniVision),CIS,sort,10,209.7,6.75,34.8,15.0,,0.12,~$3-5,0.3108108108108108,0.18335627552628436,0.3536779788826375,303.4,12654.0,4988.8
IMX327 (Sony),CIS,iou,2,41.9,86.25,7.0,15.0,,0.25,~$15-25,0.49576418523786947,0.09648947894886069,0.6352163468781905,9.2,12654.0,6292.6
IMX327 (Sony),CIS,iou,100,2096.9,86.25,348.3,15.0,,0.25,~$15-25,0.1876718824087245,0.06294063339478917,0.280374021336624,52.0,12654.0,2517.2
AR0234 (ON Semi),CIS,centroid,1,21.0,20.0,3.5,5.0,,0.04,~$20-40,0.12475106685633001,0.12609740081204318,0.14736226732734675,108.2,12654.0,1708.4
IMX327 (Sony),CIS,iou,50,1048.5,86.25,174.2,15.0,,0.25,~$15-25,0.1849375691480955,0.08228606811303792,0.27552892748288976,121.4,12654.0,2974.0
IMX327 (Sony),CIS,iou,200,4193.8,86.25,696.7,15.0,,0.25,~$15-25,0.1871503082029398,0.05843726767878212,0.27900977659599746,43.2,12654.0,2415.0
AR0234 (ON Semi),CIS,centroid,2,41.9,20.0,7.0,5.0,,0.04,~$20-40,0.11074758969495813,0.1611016543860123,0.13681554788495057,117.0,12654.0,1711.6
AR0234 (ON Semi),CIS,centroid,5,104.8,20.0,17.4,5.0,,0.04,~$20-40,0.06020230757072862,0.16923320096736155,0.0920883785370965,159.8,12654.0,1488.4
AR0234 (ON Semi),CIS,centroid,10,209.7,20.0,34.8,5.0,,0.04,~$20-40,0.04523470839260315,0.1272485641301923,0.0741143513133387,132.4,12654.0,1098.0
AR0234 (ON Semi),CIS,centroid,20,419.4,20.0,69.7,5.0,,0.04,~$20-40,0.044649913070965705,0.08918765939916562,0.06101625651271612,78.4,12654.0,738.2
AR0234 (ON Semi),CIS,centroid,50,1048.5,20.0,174.2,5.0,,0.04,~$20-40,0.04073020388809865,0.07588572145970654,0.05120292570028313,76.2,12654.0,594.0
IMX327 (Sony),CIS,iou,5,104.8,86.25,17.4,15.0,,0.25,~$15-25,0.4475580844001897,0.1419378892549742,0.5218053050590021,117.2,12654.0,6110.2
AR0234 (ON Semi),CIS,centroid,100,2096.9,20.0,348.3,5.0,,0.04,~$20-40,0.040777619724988126,0.07501674881376962,0.05039559645820314,75.8,12654.0,591.8
IMX327 (Sony),CIS,iou,20,419.4,86.25,69.7,15.0,,0.25,~$15-25,0.21220167535957007,0.14369481655444288,0.3061045557539901,347.0,12654.0,4663.4
IMX327 (Sony),CIS,iou,10,209.7,86.25,34.8,15.0,,0.25,~$15-25,0.3280701754385965,0.1599497874381031,0.38003636485664244,318.2,12654.0,5610.4
IMX327 (Sony),CIS,iou,500,10484.5,86.25,1741.7,15.0,,0.25,~$15-25,0.18730836099257153,0.05853419675373489,0.27706762374146565,43.6,12654.0,2413.8
AR0234 (ON Semi),CIS,centroid,200,4193.8,20.0,696.7,5.0,,0.04,~$20-40,0.04129919393077286,0.07596556416089642,0.05062040048594947,75.0,12654.0,597.6
AR0234 (ON Semi),CIS,centroid,500,10484.5,20.0,1741.7,5.0,,0.04,~$20-40,0.03963963963963966,0.0774819530324545,0.04608885717402224,79.8,12654.0,581.4
AR0234 (ON Semi),CIS,iou,2,41.9,20.0,7.0,5.0,,0.04,~$20-40,0.10412517780938832,0.15293753695569987,0.12107531169431814,137.0,12654.0,1557.0
AR0234 (ON Semi),CIS,iou,1,21.0,20.0,3.5,5.0,,0.04,~$20-40,0.11876086612928718,0.12153751721880372,0.13664068884636854,123.6,12654.0,1638.8
AR0234 (ON Semi),CIS,iou,50,1048.5,20.0,174.2,5.0,,0.04,~$20-40,0.0401928244033507,0.07578238753789075,0.05098304160871979,70.4,12654.0,580.6
AR0234 (ON Semi),CIS,iou,20,419.4,20.0,69.7,5.0,,0.04,~$20-40,0.0439702860755492,0.08545922023324806,0.05609696836162553,73.6,12654.0,664.8
AR0234 (ON Semi),CIS,iou,10,209.7,20.0,34.8,5.0,,0.04,~$20-40,0.04819029555871659,0.11314816926114249,0.06589881763607985,101.8,12654.0,856.8
AR0234 (ON Semi),CIS,iou,5,104.8,20.0,17.4,5.0,,0.04,~$20-40,0.06062905010273434,0.1507313924560129,0.0766714887947926,163.2,12654.0,1155.2
AR0234 (ON Semi),CIS,iou,100,2096.9,20.0,348.3,5.0,,0.04,~$20-40,0.039876718824087234,0.07466079467509787,0.04966834492053348,71.8,12654.0,576.4
AR0234 (ON Semi),CIS,iou,200,4193.8,20.0,696.7,5.0,,0.04,~$20-40,0.0405721510984669,0.07593196094760095,0.050553789397363616,70.0,12654.0,583.4
AR0234 (ON Semi),CIS,iou,500,10484.5,20.0,1741.7,5.0,,0.04,~$20-40,0.0386439070649597,0.07741952160375622,0.0456931844541978,75.6,12654.0,564.6
AR0234 (ON Semi),CIS,sort,50,1048.5,20.0,174.2,5.0,,0.04,~$20-40,0.03982930298719774,0.06965345346736594,0.049935746582409554,73.2,12654.0,578.0
IMX327 (Sony),CIS,sort,200,4193.8,86.25,696.7,15.0,,0.25,~$15-25,0.18727675043464515,0.04723200604435539,0.2797532726893007,42.8,12654.0,2415.0
AR0234 (ON Semi),CIS,sort,200,4193.8,20.0,696.7,5.0,,0.04,~$20-40,0.040414098308835134,0.0694637643263972,0.0503491832317741,70.2,12654.0,581.6
IMX327 (Sony),CIS,sort,500,10484.5,86.25,1741.7,15.0,,0.25,~$15-25,0.18733997155049784,0.046892296940469175,0.28074600119466386,42.4,12654.0,2413.0
AR0234 (ON Semi),CIS,sort,100,2096.9,20.0,348.3,5.0,,0.04,~$20-40,0.03971866603445549,0.0683454345212027,0.04952325000776722,72.2,12654.0,574.8
AR0234 (ON Semi),CIS,centroid,2,41.9,40.0,7.0,15.0,,0.12,~$20-40,0.46434329065908014,0.10821621717264192,0.5994425856832448,20.4,12654.0,5907.8
AR0234 (ON Semi),CIS,sort,500,10484.5,20.0,1741.7,5.0,,0.04,~$20-40,0.03831199620673307,0.07121187180301021,0.04491624740947957,77.0,12654.0,561.8
AR0234 (ON Semi),CIS,centroid,5,104.8,40.0,17.4,15.0,,0.12,~$20-40,0.4209894104630947,0.15339552461140946,0.556549297048077,74.0,12654.0,5878.8
AR0234 (ON Semi),CIS,sort,20,419.4,20.0,69.7,5.0,,0.04,~$20-40,0.043021969337758814,0.08107507949526535,0.054911546408660375,75.8,12654.0,646.2
AR0234 (ON Semi),CIS,centroid,500,10484.5,40.0,1741.7,15.0,,0.12,~$20-40,0.1745851114272167,0.07658357521685036,0.24777797749632788,66.4,12654.0,2275.6
AR0234 (ON Semi),CIS,centroid,1,21.0,40.0,3.5,15.0,,0.12,~$20-40,0.4665402244349613,0.08716848741419539,0.6200787243843368,9.6,12654.0,5913.2
AR0234 (ON Semi),CIS,centroid,100,2096.9,40.0,348.3,15.0,,0.12,~$20-40,0.1712343922870239,0.0810345678432978,0.2429612903624092,87.4,12654.0,2445.8
AR0234 (ON Semi),CIS,centroid,20,419.4,40.0,69.7,15.0,,0.12,~$20-40,0.17700331910858222,0.16412796887942965,0.2839483523619296,345.2,12654.0,5056.2
AR0234 (ON Semi),CIS,sort,10,209.7,20.0,34.8,5.0,,0.04,~$20-40,0.04619883040935675,0.10453028363478259,0.06305078698506647,101.8,12654.0,814.4
AR0234 (ON Semi),CIS,centroid,50,1048.5,40.0,174.2,15.0,,0.12,~$20-40,0.155413308044887,0.1052634853927005,0.22570997613894006,196.8,12654.0,3120.2
AR0234 (ON Semi),CIS,centroid,200,4193.8,40.0,696.7,15.0,,0.12,~$20-40,0.17455350086929036,0.07629060015076312,0.249807614299885,65.0,12654.0,2277.0
AR0234 (ON Semi),CIS,centroid,10,209.7,40.0,34.8,15.0,,0.12,~$20-40,0.30678046467520154,0.1759243524774341,0.40881468596124454,231.0,12654.0,5755.4
IMX327 (Sony),CIS,sort,100,2096.9,86.25,348.3,15.0,,0.25,~$15-25,0.18784574047731945,0.053840085133553026,0.2808065905562506,52.0,12654.0,2501.0
IMX327 (Sony),CIS,sort,50,1048.5,86.25,174.2,15.0,,0.25,~$15-25,0.18830409356725147,0.07623350813842988,0.27667371748607217,118.6,12654.0,2884.6
AR0234 (ON Semi),CIS,sort,2,41.9,20.0,7.0,5.0,,0.04,~$20-40,0.10202307570728622,0.14410330954483058,0.11982826614690611,136.4,12654.0,1511.4
AR0234 (ON Semi),CIS,sort,5,104.8,20.0,17.4,5.0,,0.04,~$20-40,0.056962225383278,0.13521417850461262,0.07262412927197087,151.6,12654.0,1043.2
AR0234 (ON Semi),CIS,sort,1,21.0,20.0,3.5,5.0,,0.04,~$20-40,0.12214319582740636,0.11632179198000163,0.14239120425725066,107.2,12654.0,1662.4
AR0234 (ON Semi),CIS,iou,1,21.0,40.0,3.5,15.0,,0.12,~$20-40,0.46668247194562984,0.08716668319650987,0.6250779676488811,7.8,12654.0,5913.2
AR0234 (ON Semi),CIS,iou,5,104.8,40.0,17.4,15.0,,0.12,~$20-40,0.4134028765607713,0.15046039350638915,0.47914257116082243,135.2,12654.0,5691.2
AR0234 (ON Semi),CIS,iou,2,41.9,40.0,7.0,15.0,,0.12,~$20-40,0.46374269005847946,0.1079806200768664,0.5901504648761441,18.0,12654.0,5896.6
AR0234 (ON Semi),CIS,iou,200,4193.8,40.0,696.7,15.0,,0.12,~$20-40,0.1740951477793583,0.0763702987002945,0.2531080969759419,49.6,12654.0,2255.0
AR0234 (ON Semi),CIS,iou,10,209.7,40.0,34.8,15.0,,0.12,~$20-40,0.3086612928718192,0.16961934061452524,0.35694439628148966,306.4,12654.0,5248.2
AR0234 (ON Semi),CIS,iou,50,1048.5,40.0,174.2,15.0,,0.12,~$20-40,0.1710447289394658,0.09947570437641026,0.2397122130962223,130.0,12654.0,2769.2
AR0234 (ON Semi),CIS,iou,20,419.4,40.0,69.7,15.0,,0.12,~$20-40,0.2015015015015015,0.15505087811305968,0.277788869770353,326.6,12654.0,4341.6
IMX327 (Sony),CIS,sort,20,419.4,86.25,69.7,15.0,,0.25,~$15-25,0.21910858226647703,0.12935089590978205,0.30398117294431837,328.0,12654.0,4299.4
IMX462 (Sony),CIS,centroid,2,41.9,24.42,7.0,5.0,,0.04,~$20-30,0.13742690058479531,0.1501689276349961,0.23815051010656435,39.8,12654.0,2022.4
IMX462 (Sony),CIS,centroid,1,21.0,24.42,3.5,5.0,,0.04,~$20-30,0.15768926821558402,0.11615337176956335,0.26719089490405185,15.0,12654.0,2039.6
IMX327 (Sony),CIS,sort,1,21.0,86.25,3.5,15.0,,0.25,~$15-25,0.49794531373478745,0.06156101838818333,0.6648377736744923,0.0,12654.0,6301.0
AR0234 (ON Semi),CIS,iou,500,10484.5,40.0,1741.7,15.0,,0.12,~$20-40,0.17445866919551128,0.07651968236471986,0.2539155621172118,47.4,12654.0,2255.0
AR0234 (ON Semi),CIS,iou,100,2096.9,40.0,348.3,15.0,,0.12,~$20-40,0.17477477477477474,0.08024853739545217,0.25415310212827935,58.8,12654.0,2357.2
IMX462 (Sony),CIS,centroid,5,104.8,24.42,17.4,5.0,,0.04,~$20-30,0.07834676782045202,0.15472346867726253,0.15674958298603747,115.6,12654.0,1779.4
IMX327 (Sony),CIS,sort,5,104.8,86.25,17.4,15.0,,0.25,~$15-25,0.46081871345029235,0.12397836850814034,0.5505506177393851,83.4,12654.0,6097.4
IMX327 (Sony),CIS,sort,10,209.7,86.25,34.8,15.0,,0.25,~$15-25,0.33981349770823455,0.1441987511932729,0.3840720537693875,286.2,12654.0,5384.6
IMX462 (Sony),CIS,centroid,20,419.4,24.42,69.7,5.0,,0.04,~$20-30,0.05427532795953849,0.06957842462911246,0.09264684333984861,54.0,12654.0,859.6
IMX462 (Sony),CIS,centroid,10,209.7,24.42,34.8,5.0,,0.04,~$20-30,0.05729413624150468,0.11148029874767311,0.11755540641947833,103.4,12654.0,1266.4
IMX462 (Sony),CIS,centroid,200,4193.8,24.42,696.7,5.0,,0.04,~$20-30,0.049486328433696866,0.05829551157812065,0.07404853004155301,57.0,12654.0,683.2
IMX462 (Sony),CIS,centroid,50,1048.5,24.42,174.2,5.0,,0.04,~$20-30,0.04977082345503399,0.05873152580983275,0.07527868378053995,56.2,12654.0,688.4
IMX462 (Sony),CIS,centroid,100,2096.9,24.42,348.3,5.0,,0.04,~$20-30,0.0494705231547337,0.05759078917776948,0.07401853379209607,57.2,12654.0,683.2
IMX327 (Sony),CIS,sort,2,41.9,86.25,7.0,15.0,,0.25,~$15-25,0.4973447131341868,0.07987375622094853,0.6603699667237416,1.6,12654.0,6297.8
IMX462 (Sony),CIS,centroid,500,10484.5,24.42,1741.7,5.0,,0.04,~$20-30,0.049517938991623246,0.05846475690797498,0.07401853379209607,56.6,12654.0,683.2
IMX462 (Sony),CIS,iou,10,209.7,24.42,34.8,5.0,,0.04,~$20-30,0.06081871345029242,0.09545050755578306,0.10340563072861975,80.2,12654.0,1005.0
IMX462 (Sony),CIS,iou,1,21.0,24.42,3.5,5.0,,0.04,~$20-30,0.1519993677888415,0.11193217013840726,0.24349060650564916,35.2,12654.0,1976.6
IMX462 (Sony),CIS,iou,500,10484.5,24.42,1741.7,5.0,,0.04,~$20-30,0.04939149675991783,0.05848352323995772,0.074106299102122,53.2,12654.0,678.2
IMX462 (Sony),CIS,iou,200,4193.8,24.42,696.7,5.0,,0.04,~$20-30,0.04935988620199148,0.05823938568103241,0.07410963451934091,53.0,12654.0,677.6
IMX462 (Sony),CIS,iou,20,419.4,24.42,69.7,5.0,,0.04,~$20-30,0.053911806543385454,0.0667765987298534,0.08745955597207818,49.2,12654.0,778.2
IMX462 (Sony),CIS,iou,100,2096.9,24.42,348.3,5.0,,0.04,~$20-30,0.049296665086138766,0.05759996303594676,0.07404962851874083,53.8,12654.0,677.6
IMX462 (Sony),CIS,iou,2,41.9,24.42,7.0,5.0,,0.04,~$20-30,0.12941362415046626,0.1404170010629401,0.20231455793571196,73.0,12654.0,1838.2
IMX462 (Sony),CIS,iou,5,104.8,24.42,17.4,5.0,,0.04,~$20-30,0.07725620357199306,0.1329947846603444,0.1298414588597537,122.8,12654.0,1378.4
IMX462 (Sony),CIS,iou,50,1048.5,24.42,174.2,5.0,,0.04,~$20-30,0.04972340761814446,0.05881080584503492,0.07539808570635016,52.0,12654.0,683.2
AR0234 (ON Semi),CIS,sort,200,4193.8,40.0,696.7,15.0,,0.12,~$20-40,0.17409514777935828,0.06183794521631984,0.25252883780709656,50.0,12654.0,2254.2
AR0234 (ON Semi),CIS,sort,500,10484.5,40.0,1741.7,15.0,,0.12,~$20-40,0.17431642168484274,0.06127998277201474,0.2554115356888091,48.0,12654.0,2253.8
AR0234 (ON Semi),CIS,sort,100,2096.9,40.0,348.3,15.0,,0.12,~$20-40,0.17540698593330173,0.06760412738815814,0.2567823105070831,56.2,12654.0,2340.6
IMX462 (Sony),CIS,centroid,5,104.8,49.25,17.4,15.0,,0.12,~$20-30,0.45399083293820136,0.14457124012698727,0.5892843003372286,66.4,12654.0,6285.6
IMX462 (Sony),CIS,centroid,500,10484.5,49.25,1741.7,15.0,,0.12,~$20-30,0.1874348032242769,0.058484469794736746,0.2783628521968209,53.8,12654.0,2425.6
IMX462 (Sony),CIS,sort,500,10484.5,24.42,1741.7,5.0,,0.04,~$20-30,0.04921763869132292,0.053362634754166485,0.07402517137597522,53.8,12654.0,676.6
IMX462 (Sony),CIS,sort,100,2096.9,24.42,348.3,5.0,,0.04,~$20-30,0.049138612296507046,0.05260422102235579,0.07405851462865717,54.2,12654.0,676.0
AR0234 (ON Semi),CIS,sort,50,1048.5,40.0,174.2,15.0,,0.12,~$20-40,0.17322585743638375,0.08832971689002565,0.24947933521255533,128.0,12654.0,2678.8
IMX462 (Sony),CIS,centroid,2,41.9,49.25,7.0,15.0,,0.12,~$20-30,0.4962067330488383,0.0966629887166082,0.6404009496175151,10.0,12654.0,6301.0
IMX462 (Sony),CIS,centroid,1,21.0,49.25,3.5,15.0,,0.12,~$20-30,0.49747115536589226,0.07380002731260149,0.6558480611975732,6.0,12654.0,6301.0
IMX462 (Sony),CIS,centroid,10,209.7,49.25,34.8,15.0,,0.12,~$20-30,0.3261735419630156,0.16630440395816495,0.438261994761581,229.0,12654.0,6115.2
IMX462 (Sony),CIS,centroid,100,2096.9,49.25,348.3,15.0,,0.12,~$20-30,0.18408408408408408,0.06363365805841173,0.26065379738378713,78.0,12654.0,2600.2
IMX462 (Sony),CIS,centroid,50,1048.5,49.25,174.2,15.0,,0.12,~$20-30,0.16642958748221906,0.08919063889270688,0.2594555898429125,189.4,12654.0,3356.2
IMX462 (Sony),CIS,centroid,200,4193.8,49.25,696.7,15.0,,0.12,~$20-30,0.18727675043464515,0.05842361858137052,0.2756665456016241,54.6,12654.0,2428.0
IMX462 (Sony),CIS,centroid,20,419.4,49.25,69.7,15.0,,0.12,~$20-30,0.1879247668721353,0.15247293292586073,0.3131151995084166,354.8,12654.0,5393.2
IMX462 (Sony),CIS,sort,50,1048.5,24.42,174.2,5.0,,0.04,~$20-30,0.04943891259680733,0.05406124415536252,0.07502165350843122,53.2,12654.0,680.8
IMX462 (Sony),CIS,sort,20,419.4,24.42,69.7,5.0,,0.04,~$20-30,0.052852852852852836,0.06388307827667009,0.08310216249706168,54.0,12654.0,760.8
IMX462 (Sony),CIS,sort,200,4193.8,24.42,696.7,5.0,,0.04,~$20-30,0.04912280701754388,0.05323319527544088,0.07406073974172485,54.0,12654.0,675.6
IMX462 (Sony),CIS,sort,10,209.7,24.42,34.8,5.0,,0.04,~$20-30,0.05909593804330646,0.0863254351006199,0.09710117038087815,75.8,12654.0,952.4
IMX462 (Sony),CIS,sort,5,104.8,24.42,17.4,5.0,,0.04,~$20-30,0.0727200885095622,0.1194521874262553,0.1228986522998026,118.4,12654.0,1253.0
IMX462 (Sony),CIS,sort,1,21.0,24.42,3.5,5.0,,0.04,~$20-30,0.15672514619883043,0.10814924301701853,0.25684044938371187,16.2,12654.0,2010.2
IMX462 (Sony),CIS,sort,2,41.9,24.42,7.0,5.0,,0.04,~$20-30,0.1278805120910384,0.1337033746758513,0.19572693487357137,77.4,12654.0,1794.8
IMX462 (Sony),CIS,iou,1,21.0,49.25,3.5,15.0,,0.12,~$20-30,0.4977556503872293,0.07380002731260149,0.6597731469269322,2.4,12654.0,6301.0
AR0234 (ON Semi),CIS,sort,2,41.9,40.0,7.0,15.0,,0.12,~$20-40,0.4659554291133238,0.08928397683887504,0.6195478437522619,5.6,12654.0,5904.6
IMX462 (Sony),CIS,iou,2,41.9,49.25,7.0,15.0,,0.12,~$20-30,0.49576418523786947,0.09648947894886069,0.6352163468781905,9.2,12654.0,6292.6
AR0234 (ON Semi),CIS,sort,1,21.0,40.0,3.5,15.0,,0.12,~$20-40,0.46693535640904066,0.07210270454851175,0.6227651529633642,4.2,12654.0,5912.8
AR0234 (ON Semi),CIS,sort,10,209.7,40.0,34.8,15.0,,0.12,~$20-40,0.31816026552868654,0.15275730194866383,0.36535859221337413,272.8,12654.0,5037.2
AR0234 (ON Semi),CIS,sort,5,104.8,40.0,17.4,15.0,,0.12,~$20-40,0.4243243243243243,0.13045560771998507,0.5003926712412355,103.2,12654.0,5657.4
IMX462 (Sony),CIS,iou,5,104.8,49.25,17.4,15.0,,0.12,~$20-30,0.4475580844001897,0.1419378892549742,0.5218053050590021,117.2,12654.0,6110.2
AR0234 (ON Semi),CIS,sort,20,419.4,40.0,69.7,15.0,,0.12,~$20-40,0.20368262999841943,0.1379385901868122,0.27800459087101964,328.6,12654.0,3998.4
IMX462 (Sony),CIS,iou,10,209.7,49.25,34.8,15.0,,0.12,~$20-30,0.3280701754385965,0.1599497874381031,0.38003636485664244,318.2,12654.0,5610.4
IMX462 (Sony),CIS,iou,500,10484.5,49.25,1741.7,15.0,,0.12,~$20-30,0.18730836099257153,0.05853419675373489,0.27706762374146565,43.6,12654.0,2413.8
IMX462 (Sony),CIS,iou,200,4193.8,49.25,696.7,15.0,,0.12,~$20-30,0.1871503082029398,0.05843726767878212,0.27900977659599746,43.2,12654.0,2415.0
IMX462 (Sony),CIS,iou,100,2096.9,49.25,348.3,15.0,,0.12,~$20-30,0.1876718824087245,0.06294063339478917,0.280374021336624,52.0,12654.0,2517.2
IMX462 (Sony),CIS,iou,50,1048.5,49.25,174.2,15.0,,0.12,~$20-30,0.1849375691480955,0.08228606811303792,0.27552892748288976,121.4,12654.0,2974.0
IMX462 (Sony),CIS,iou,20,419.4,49.25,69.7,15.0,,0.12,~$20-30,0.21220167535957007,0.14369481655444288,0.3061045557539901,347.0,12654.0,4663.4
IMX462 (Sony),CIS,sort,500,10484.5,49.25,1741.7,15.0,,0.12,~$20-30,0.18733997155049784,0.046892296940469175,0.28074600119466386,42.4,12654.0,2413.0
IMX462 (Sony),CIS,sort,200,4193.8,49.25,696.7,15.0,,0.12,~$20-30,0.18727675043464515,0.04723200604435539,0.2797532726893007,42.8,12654.0,2415.0
IMX462 (Sony),CIS,sort,100,2096.9,49.25,348.3,15.0,,0.12,~$20-30,0.18784574047731945,0.053840085133553026,0.2808065905562506,52.0,12654.0,2501.0
Lichtsteiner 2008,DVS,centroid,2,41.9,19.64,,,0.01,,N/A (research),-0.3015331120594279,0.3756245676362286,0.12438566022921198,1143.4,12654.0,11563.8
Lichtsteiner 2008,DVS,centroid,5,104.8,20.4,,,0.01,,N/A (research),-0.3039197091828671,0.37543943587905915,0.12141576525984048,1122.0,12654.0,11583.0
Lichtsteiner 2008,DVS,centroid,200,4193.8,43.89,,,0.01,,N/A (research),-0.3760708076497551,0.3833810551467578,0.12095231695752733,249.4,12654.0,9330.2
Lichtsteiner 2008,DVS,centroid,100,2096.9,43.89,,,0.01,,N/A (research),-0.36603445550813973,0.3812056199004417,0.1322095658324983,260.4,12654.0,10309.8
Lichtsteiner 2008,DVS,centroid,1,21.0,19.39,,,0.01,,N/A (research),-0.29829302987197726,0.37419210840891715,0.12644008451985408,1141.8,12654.0,11582.0
Lichtsteiner 2008,DVS,centroid,50,1048.5,31.72,,,0.01,,N/A (research),-0.3102260154891734,0.3795820368356888,0.13944520915352537,367.4,12654.0,10843.8
Lichtsteiner 2008,DVS,centroid,500,10484.5,43.89,,,0.01,,N/A (research),-0.32396080290817136,0.39129847187506284,0.09693438913318955,149.4,12654.0,6904.8
Lichtsteiner 2008,DVS,centroid,10,209.7,21.66,,,0.01,,N/A (research),-0.2866603445550814,0.37670992396972763,0.12359225496237647,947.0,12654.0,11551.6
Lichtsteiner 2008,DVS,centroid,20,419.4,24.17,,,0.01,,N/A (research),-0.2872767504346451,0.38003530357609805,0.12837099884283132,695.0,12654.0,11379.8
Lichtsteiner 2008,DVS,iou,500,10484.5,43.89,,,0.01,,N/A (research),-0.2522680575312154,0.39020582841702683,0.08701158220789709,148.2,12654.0,5853.6
Lichtsteiner 2008,DVS,iou,1,21.0,19.39,,,0.01,,N/A (research),-0.1339339339339339,0.3732276080881399,0.11750124605577275,940.4,12654.0,9141.6
Lichtsteiner 2008,DVS,iou,2,41.9,19.64,,,0.01,,N/A (research),-0.13975027659238187,0.37456958758999676,0.11279167601336668,964.0,12654.0,9108.4
Lichtsteiner 2008,DVS,iou,10,209.7,21.66,,,0.01,,N/A (research),-0.14212106843685784,0.37567660428980704,0.11296752659792877,832.6,12654.0,9282.2
Lichtsteiner 2008,DVS,iou,100,2096.9,43.89,,,0.01,,N/A (research),-0.2865971234392287,0.3810934594491472,0.11361248275885105,279.2,12654.0,8946.2
Lichtsteiner 2008,DVS,iou,20,419.4,24.17,,,0.01,,N/A (research),-0.1673620989410463,0.3789873211129798,0.11522679110631154,658.2,12654.0,9416.0
IMX462 (Sony),CIS,sort,50,1048.5,49.25,174.2,15.0,,0.12,~$20-30,0.18830409356725147,0.07623350813842988,0.27667371748607217,118.6,12654.0,2884.6
Lichtsteiner 2008,DVS,iou,5,104.8,20.4,,,0.01,,N/A (research),-0.14148885727833097,0.37444074283501366,0.11350607758684057,919.8,12654.0,9158.2
Lichtsteiner 2008,DVS,iou,50,1048.5,31.72,,,0.01,,N/A (research),-0.22759601706970128,0.3794888043831797,0.11846642802680718,398.6,12654.0,9329.4
Lichtsteiner 2008,DVS,iou,200,4193.8,43.89,,,0.01,,N/A (research),-0.2880354038248775,0.38265888385003555,0.11227032204812289,253.6,12654.0,7999.2
IMX462 (Sony),CIS,sort,1,21.0,49.25,3.5,15.0,,0.12,~$20-30,0.49794531373478745,0.06156101838818333,0.6648377736744923,0.0,12654.0,6301.0
IMX462 (Sony),CIS,sort,2,41.9,49.25,7.0,15.0,,0.12,~$20-30,0.4973447131341868,0.07987375622094853,0.6603699667237416,1.6,12654.0,6297.8
IMX462 (Sony),CIS,sort,10,209.7,49.25,34.8,15.0,,0.12,~$20-30,0.33981349770823455,0.1441987511932729,0.3840720537693875,286.2,12654.0,5384.6
IMX462 (Sony),CIS,sort,5,104.8,49.25,17.4,15.0,,0.12,~$20-30,0.46081871345029235,0.12397836850814034,0.5505506177393851,83.4,12654.0,6097.4
IMX462 (Sony),CIS,sort,20,419.4,49.25,69.7,15.0,,0.12,~$20-30,0.21910858226647703,0.12935089590978205,0.30398117294431837,328.0,12654.0,4299.4
Lichtsteiner 2008,DVS,centroid,1,21.0,19.22,,,0.03,,N/A (research),-0.29829302987197726,0.37419210840891715,0.12644008451985408,1141.8,12654.0,11582.0
Lichtsteiner 2008,DVS,centroid,5,104.8,19.56,,,0.03,,N/A (research),-0.30594278489015336,0.3755944186411382,0.12154388077722786,1180.0,12654.0,11589.0
Lichtsteiner 2008,DVS,centroid,2,41.9,19.31,,,0.03,,N/A (research),-0.3036194088825668,0.3755307871156507,0.12199066262417857,1144.4,12654.0,11563.2
Lichtsteiner 2008,DVS,centroid,500,10484.5,27.39,,,0.03,,N/A (research),-0.36948000632211164,0.3881755797537852,0.12700809008211533,189.2,12654.0,9357.4
Lichtsteiner 2008,DVS,centroid,200,4193.8,27.39,,,0.03,,N/A (research),-0.3470997313102576,0.38154475759199,0.12800936244902889,322.6,12654.0,10514.8
Lichtsteiner 2008,DVS,centroid,20,419.4,20.82,,,0.03,,N/A (research),-0.29141773352299666,0.37663135532068626,0.12384280357130342,1073.6,12654.0,11556.0
Lichtsteiner 2008,DVS,iou,1,21.0,19.22,,,0.03,,N/A (research),-0.1339339339339339,0.3732276080881399,0.11750124605577275,940.4,12654.0,9141.6
Lichtsteiner 2008,DVS,centroid,10,209.7,19.98,,,0.03,,N/A (research),-0.2997155049786629,0.37585714047230684,0.12056885626059319,1144.2,12654.0,11577.6
Lichtsteiner 2008,DVS,iou,5,104.8,19.56,,,0.03,,N/A (research),-0.14031926663505612,0.37443017627526415,0.11467625467771614,969.0,12654.0,9112.6
Lichtsteiner 2008,DVS,centroid,100,2096.9,27.39,,,0.03,,N/A (research),-0.28806701438280385,0.3762986756327076,0.1386397816613369,472.6,12654.0,11160.2
Lichtsteiner 2008,DVS,iou,2,41.9,19.31,,,0.03,,N/A (research),-0.141220167535957,0.37458484621495336,0.11412122469082461,960.8,12654.0,9119.0
Lichtsteiner 2008,DVS,centroid,50,1048.5,23.33,,,0.03,,N/A (research),-0.28106527580211793,0.3773828006939031,0.1317127102226763,710.6,12654.0,11448.8
Lichtsteiner 2008,DVS,iou,50,1048.5,23.33,,,0.03,,N/A (research),-0.15413308044886992,0.3762852821732773,0.11786443294277571,662.2,12654.0,9379.8
Lichtsteiner 2008,DVS,iou,20,419.4,20.82,,,0.03,,N/A (research),-0.1390232337600758,0.3750626473650532,0.1168811952265976,926.4,12654.0,9223.2
Lichtsteiner 2008,DVS,iou,10,209.7,19.98,,,0.03,,N/A (research),-0.14020862968231387,0.37502938082923026,0.1129011642702817,968.4,12654.0,9177.4
Lichtsteiner 2008,DVS,iou,200,4193.8,27.39,,,0.03,,N/A (research),-0.26334755808440014,0.381124207477598,0.11612139255841913,346.2,12654.0,9073.8
Lichtsteiner 2008,DVS,iou,100,2096.9,27.39,,,0.03,,N/A (research),-0.19538485854275328,0.37524870498175006,0.12185827082568199,497.6,12654.0,9448.4
Lichtsteiner 2008,DVS,iou,500,10484.5,27.39,,,0.03,,N/A (research),-0.29536905326379015,0.38817502741023086,0.11044223940944313,223.0,12654.0,8152.2
Lichtsteiner 2008,DVS,sort,500,10484.5,43.89,,,0.01,,N/A (research),-0.2310731784415995,0.39024128843363826,0.09494321704988012,118.0,12654.0,5651.6
DAVIS346,DVS,centroid,2,41.9,10.05,,,0.01,,"~$3,000 (dev kit)",0.2833570412517781,0.3350210950497694,0.29882844430063626,1341.6,12654.0,11931.2
DAVIS346,DVS,centroid,1,21.0,10.02,,,0.01,,"~$3,000 (dev kit)",0.2833570412517781,0.3350103175193367,0.30017122480273695,1335.4,12654.0,11946.6
DAVIS346,DVS,centroid,5,104.8,10.12,,,0.01,,"~$3,000 (dev kit)",0.2732890785522365,0.3351628774792266,0.29971323956156176,1365.0,12654.0,11953.6
DAVIS346,DVS,centroid,50,1048.5,11.24,,,0.01,,"~$3,000 (dev kit)",0.27874189979453134,0.33453248300391436,0.2977116859954365,1318.8,12654.0,11954.8
DAVIS346,DVS,centroid,200,4193.8,14.98,,,0.01,,"~$3,000 (dev kit)",0.2761182234866445,0.338298060401624,0.3071022470518591,770.8,12654.0,11812.0
DAVIS346,DVS,centroid,100,2096.9,12.49,,,0.01,,"~$3,000 (dev kit)",0.2895685158843054,0.33434194859930766,0.3031484286550565,1112.6,12654.0,11932.0
DAVIS346,DVS,centroid,10,209.7,10.25,,,0.01,,"~$3,000 (dev kit)",0.27071281808123915,0.3341890427327093,0.30221045399961,1411.0,12654.0,11959.0
DAVIS346,DVS,centroid,20,419.4,10.5,,,0.01,,"~$3,000 (dev kit)",0.2817923186344239,0.33515544791292795,0.3061231714730438,1430.8,12654.0,11958.2
Lichtsteiner 2008,DVS,sort,200,4193.8,43.89,,,0.01,,N/A (research),-0.2690058479532164,0.38156726531192786,0.12068010397335434,209.4,12654.0,7819.0
DAVIS346,DVS,centroid,500,10484.5,22.45,,,0.01,,"~$3,000 (dev kit)",0.20594278489015333,0.34593526573331956,0.35128265100244743,472.4,12654.0,11488.8
Lichtsteiner 2008,DVS,sort,100,2096.9,43.89,,,0.01,,N/A (research),-0.27066540224434965,0.380794658210459,0.1229311671874354,257.8,12654.0,8800.4
Lichtsteiner 2008,DVS,sort,50,1048.5,31.72,,,0.01,,N/A (research),-0.2084242136873716,0.37923982627404257,0.12723050396897576,383.0,12654.0,9149.6
Lichtsteiner 2008,DVS,sort,20,419.4,24.17,,,0.01,,N/A (research),-0.13363363363363362,0.378511750556905,0.12014563658563486,626.4,12654.0,8953.0
DAVIS346,DVS,iou,1,21.0,10.02,,,0.01,,"~$3,000 (dev kit)",0.33187924766872134,0.334383104443026,0.2588446292308059,1191.4,12654.0,11115.8
DAVIS346,DVS,iou,2,41.9,10.05,,,0.01,,"~$3,000 (dev kit)",0.3340761814446025,0.33445145050086506,0.25666033320545345,1167.0,12654.0,11087.2
DAVIS346,DVS,iou,5,104.8,10.12,,,0.01,,"~$3,000 (dev kit)",0.32936620831357677,0.334630385172317,0.26108232730323805,1153.0,12654.0,11080.0
Lichtsteiner 2008,DVS,sort,2,41.9,19.64,,,0.01,,N/A (research),-0.04923344397028608,0.371977441070514,0.1464551372468993,763.6,12654.0,8303.0
Lichtsteiner 2008,DVS,sort,1,21.0,19.39,,,0.01,,N/A (research),-0.05049786628734001,0.3712918010308226,0.14533520808275982,758.6,12654.0,8292.0
DAVIS346,DVS,iou,10,209.7,10.25,,,0.01,,"~$3,000 (dev kit)",0.3259838786154575,0.3335699364710184,0.25300020485273844,1156.0,12654.0,11106.2
DAVIS346,DVS,iou,50,1048.5,11.24,,,0.01,,"~$3,000 (dev kit)",0.3292713766397977,0.3340208029512241,0.2592783871844775,1140.2,12654.0,11121.6
DAVIS346,DVS,iou,100,2096.9,12.49,,,0.01,,"~$3,000 (dev kit)",0.3333175280543702,0.333372477508612,0.26032335371821774,994.6,12654.0,11112.0
Lichtsteiner 2008,DVS,sort,10,209.7,21.66,,,0.01,,N/A (research),-0.07524893314367001,0.3739459623107727,0.13389988969242514,693.2,12654.0,8589.0
DAVIS346,DVS,iou,20,419.4,10.5,,,0.01,,"~$3,000 (dev kit)",0.33720562667931087,0.3341362755938918,0.25414803752153287,1197.2,12654.0,11069.0
DAVIS346,DVS,iou,200,4193.8,14.98,,,0.01,,"~$3,000 (dev kit)",0.3073810652758021,0.33740647958044867,0.2631132857866395,778.4,12654.0,11021.2
Lichtsteiner 2008,DVS,sort,5,104.8,20.4,,,0.01,,N/A (research),-0.05821084242136876,0.37205458740620523,0.1442033593413688,744.6,12654.0,8350.4
DAVIS346,DVS,iou,500,10484.5,22.45,,,0.01,,"~$3,000 (dev kit)",0.21858700806069226,0.3455972457701312,0.2535282830779807,545.4,12654.0,10807.8
Lichtsteiner 2008,DVS,sort,200,4193.8,27.39,,,0.03,,N/A (research),-0.24676782045203094,0.381950910317598,0.11999787135615618,324.4,12654.0,8893.4
Lichtsteiner 2008,DVS,sort,500,10484.5,27.39,,,0.03,,N/A (research),-0.2758021179073811,0.3879931649787934,0.11679264348325942,185.4,12654.0,8005.4
Lichtsteiner 2008,DVS,sort,50,1048.5,23.33,,,0.03,,N/A (research),-0.11016279437332073,0.3750809841110599,0.12864639417995455,635.8,12654.0,8872.6
Lichtsteiner 2008,DVS,sort,5,104.8,19.56,,,0.03,,N/A (research),-0.05361150624308517,0.37110714106072284,0.14613383582263667,753.8,12654.0,8283.0
DAVIS346,DVS,centroid,2,41.9,10.02,,,0.03,,"~$3,000 (dev kit)",0.2833570412517781,0.3350210950497694,0.29882844430063626,1341.6,12654.0,11931.2
DAVIS346,DVS,centroid,5,104.8,10.04,,,0.03,,"~$3,000 (dev kit)",0.2732890785522365,0.3351628774792266,0.29971323956156176,1365.0,12654.0,11953.6
DAVIS346,DVS,centroid,20,419.4,10.17,,,0.03,,"~$3,000 (dev kit)",0.28223486644539275,0.3351341139171777,0.30266000906448054,1433.6,12654.0,11958.6
Lichtsteiner 2008,DVS,sort,2,41.9,19.31,,,0.03,,N/A (research),-0.05021337126600285,0.3721054403638027,0.14760871978285034,756.4,12654.0,8299.0
DAVIS346,DVS,centroid,1,21.0,10.01,,,0.03,,"~$3,000 (dev kit)",0.2833570412517781,0.3350103175193367,0.30017122480273695,1335.4,12654.0,11946.6
Lichtsteiner 2008,DVS,sort,100,2096.9,27.39,,,0.03,,N/A (research),-0.1711711711711712,0.37584726885090153,0.13007232744043842,488.6,12654.0,9170.2
DAVIS346,DVS,centroid,10,209.7,10.08,,,0.03,,"~$3,000 (dev kit)",0.27071281808123915,0.3341890427327093,0.30221045399961,1411.0,12654.0,11959.0
DAVIS346,DVS,centroid,50,1048.5,10.41,,,0.03,,"~$3,000 (dev kit)",0.2740319266635056,0.3341789116506796,0.30312708437028596,1377.8,12654.0,11959.8
DAVIS346,DVS,centroid,100,2096.9,10.83,,,0.03,,"~$3,000 (dev kit)",0.27904220009483166,0.3335405561722075,0.3025403677332858,1381.0,12654.0,11969.2
Lichtsteiner 2008,DVS,sort,20,419.4,20.82,,,0.03,,N/A (research),-0.06872135293187927,0.3720682428925789,0.13456632793085277,764.0,12654.0,8453.6
Lichtsteiner 2008,DVS,sort,1,21.0,19.22,,,0.03,,N/A (research),-0.05049786628734001,0.3712918010308226,0.14533520808275982,758.6,12654.0,8292.0
DAVIS346,DVS,centroid,500,10484.5,14.15,,,0.03,,"~$3,000 (dev kit)",0.28694483957641853,0.3382635493958121,0.3159893366047369,866.4,12654.0,11880.6
DAVIS346,DVS,centroid,200,4193.8,11.66,,,0.03,,"~$3,000 (dev kit)",0.28049628575944363,0.3346302683566718,0.3030320708203467,1276.4,12654.0,11945.4
Lichtsteiner 2008,DVS,sort,10,209.7,19.98,,,0.03,,N/A (research),-0.055950687529634904,0.37243483203149647,0.13910194072896656,756.4,12654.0,8301.2
DAVIS346,DVS,iou,1,21.0,10.01,,,0.03,,"~$3,000 (dev kit)",0.33187924766872134,0.334383104443026,0.2588446292308059,1191.4,12654.0,11115.8
DAVIS346,DVS,iou,2,41.9,10.02,,,0.03,,"~$3,000 (dev kit)",0.3340761814446025,0.33445145050086506,0.25666033320545345,1167.0,12654.0,11087.2
DAVIS346,DVS,iou,5,104.8,10.04,,,0.03,,"~$3,000 (dev kit)",0.32936620831357677,0.334630385172317,0.26108232730323805,1153.0,12654.0,11080.0
DAVIS346,DVS,iou,10,209.7,10.08,,,0.03,,"~$3,000 (dev kit)",0.3259838786154575,0.3335699364710184,0.25300020485273844,1156.0,12654.0,11106.2
DAVIS346,DVS,iou,50,1048.5,10.41,,,0.03,,"~$3,000 (dev kit)",0.323929192350245,0.33359155631048915,0.2517662976032004,1185.0,12654.0,11112.4
DAVIS346,DVS,iou,20,419.4,10.17,,,0.03,,"~$3,000 (dev kit)",0.33820135925399086,0.33411669527793875,0.2546306062267661,1190.4,12654.0,11076.4
DAVIS346,DVS,iou,500,10484.5,14.15,,,0.03,,"~$3,000 (dev kit)",0.31559981033665246,0.3375506737222546,0.25931427439449173,861.8,12654.0,11095.0
DAVIS346,DVS,iou,100,2096.9,10.83,,,0.03,,"~$3,000 (dev kit)",0.3325114588272483,0.33272675295660237,0.2614038102310491,1170.4,12654.0,11126.0
DAVIS346,DVS,iou,200,4193.8,11.66,,,0.03,,"~$3,000 (dev kit)",0.3298087561245456,0.33382790963455455,0.25666503132506124,1118.6,12654.0,11069.6
DAVIS346,DVS,sort,1,21.0,10.02,,,0.01,,"~$3,000 (dev kit)",0.5030662241188557,0.31732451269139,0.4022455782811285,734.2,12654.0,10874.4
DAVIS346,DVS,sort,5,104.8,10.12,,,0.01,,"~$3,000 (dev kit)",0.4947210368263,0.3173709420637195,0.40120673215181546,749.8,12654.0,10834.0
DAVIS346,DVS,sort,10,209.7,10.25,,,0.01,,"~$3,000 (dev kit)",0.49609609609609606,0.3164098026799594,0.38248777710294474,755.6,12654.0,10838.4
DAVIS346,DVS,sort,200,4193.8,14.98,,,0.01,,"~$3,000 (dev kit)",0.40305041883989257,0.32734385547291467,0.3153857408748008,605.2,12654.0,10816.2
DAVIS346,DVS,sort,2,41.9,10.05,,,0.01,,"~$3,000 (dev kit)",0.5009325114588272,0.31562066844401904,0.39479023146847736,738.8,12654.0,10854.4
Samsung DVS-Gen3.1,DVS,centroid,2,41.9,10.02,,,0.01,,~$100-300 (module),0.8417891575786312,0.240677742593145,0.7017703021476772,455.8,12654.0,12273.8
Samsung DVS-Gen3.1,DVS,centroid,1,21.0,10.01,,,0.01,,~$100-300 (module),0.8494547178757704,0.2402767741512975,0.725456533827425,408.6,12654.0,12277.6
DAVIS346,DVS,sort,20,419.4,10.5,,,0.01,,"~$3,000 (dev kit)",0.49483167377904225,0.3167499338586165,0.37385119374277775,788.0,12654.0,10787.2
Samsung DVS-Gen3.1,DVS,centroid,10,209.7,10.1,,,0.01,,~$100-300 (module),0.8439070649596966,0.24073117580408737,0.7412371028442831,447.4,12654.0,12270.2
Samsung DVS-Gen3.1,DVS,centroid,20,419.4,10.2,,,0.01,,~$100-300 (module),0.8450924608819346,0.24045706616361456,0.7313479708772754,447.8,12654.0,12276.0
DAVIS346,DVS,sort,500,10484.5,22.45,,,0.01,,"~$3,000 (dev kit)",0.2619408882566777,0.34293556930991764,0.2740115978508253,482.8,12654.0,10648.6
Samsung DVS-Gen3.1,DVS,centroid,5,104.8,10.05,,,0.01,,~$100-300 (module),0.8433538801959856,0.24041211563715265,0.7164540436956455,421.8,12654.0,12282.8
Samsung DVS-Gen3.1,DVS,centroid,50,1048.5,10.51,,,0.01,,~$100-300 (module),0.8444602497234076,0.24025936294991954,0.7314662490447613,418.8,12654.0,12286.6
DAVIS346,DVS,sort,100,2096.9,12.49,,,0.01,,"~$3,000 (dev kit)",0.47057057057057056,0.3193882422360086,0.36638629569747616,708.8,12654.0,10895.4
DAVIS346,DVS,sort,50,1048.5,11.24,,,0.01,,"~$3,000 (dev kit)",0.49048522206416945,0.316444882916905,0.3898401809035062,724.2,12654.0,10851.2
Samsung DVS-Gen3.1,DVS,centroid,100,2096.9,11.02,,,0.01,,~$100-300 (module),0.8466729887782518,0.24044257310712078,0.7338272304392831,445.0,12654.0,12277.2
Samsung DVS-Gen3.1,DVS,centroid,200,4193.8,12.03,,,0.01,,~$100-300 (module),0.8371582108424214,0.23991152561065937,0.7176594150140492,438.8,12654.0,12275.8
Samsung DVS-Gen3.1,DVS,centroid,500,10484.5,15.08,,,0.01,,~$100-300 (module),0.8399873557768295,0.24543603500292233,0.7371993056432451,368.6,12654.0,12252.2
Samsung DVS-Gen3.1,DVS,iou,1,21.0,10.01,,,0.01,,~$100-300 (module),0.8621937727200886,0.23987754488070018,0.7600624646008556,321.2,12654.0,12135.8
Samsung DVS-Gen3.1,DVS,iou,5,104.8,10.05,,,0.01,,~$100-300 (module),0.858511142721669,0.23996599056617823,0.7582172989682199,305.8,12654.0,12133.0
Samsung DVS-Gen3.1,DVS,iou,2,41.9,10.02,,,0.01,,~$100-300 (module),0.8563774300616405,0.24030003320071644,0.7499989370303,347.6,12654.0,12135.4
Samsung DVS-Gen3.1,DVS,iou,10,209.7,10.1,,,0.01,,~$100-300 (module),0.857325746799431,0.2403164032629151,0.7417697812614898,337.8,12654.0,12140.8
Samsung DVS-Gen3.1,DVS,iou,50,1048.5,10.51,,,0.01,,~$100-300 (module),0.8560929350403035,0.2397836375708285,0.7467613866297929,331.8,12654.0,12136.8
Samsung DVS-Gen3.1,DVS,iou,100,2096.9,11.02,,,0.01,,~$100-300 (module),0.8603603603603605,0.2399831209248653,0.7362679687952045,335.0,12654.0,12138.0
Samsung DVS-Gen3.1,DVS,iou,20,419.4,10.2,,,0.01,,~$100-300 (module),0.8587640271850798,0.24006214132482154,0.7511507401568466,340.0,12654.0,12138.0
Samsung DVS-Gen3.1,DVS,iou,200,4193.8,12.03,,,0.01,,~$100-300 (module),0.849581160107476,0.2394078451497494,0.7377858083367335,348.2,12654.0,12106.4
Samsung DVS-Gen3.1,DVS,iou,500,10484.5,15.08,,,0.01,,~$100-300 (module),0.8446183025130394,0.24504403298724178,0.7086235909738786,347.8,12654.0,12093.6
DAVIS346,DVS,sort,50,1048.5,10.41,,,0.03,,"~$3,000 (dev kit)",0.49105421210684363,0.31525741577741984,0.3898691437435695,732.6,12654.0,10860.8
DAVIS346,DVS,sort,10,209.7,10.08,,,0.03,,"~$3,000 (dev kit)",0.49609609609609606,0.3164098026799594,0.38248777710294474,755.6,12654.0,10838.4
DAVIS346,DVS,sort,1,21.0,10.01,,,0.03,,"~$3,000 (dev kit)",0.5030662241188557,0.31732451269139,0.4022455782811285,734.2,12654.0,10874.4
DAVIS346,DVS,sort,5,104.8,10.04,,,0.03,,"~$3,000 (dev kit)",0.4947210368263,0.3173709420637195,0.40120673215181546,749.8,12654.0,10834.0
DAVIS346,DVS,sort,2,41.9,10.02,,,0.03,,"~$3,000 (dev kit)",0.5009325114588272,0.31562066844401904,0.39479023146847736,738.8,12654.0,10854.4
Samsung DVS-Gen3.1,DVS,centroid,1,21.0,10.0,,,0.03,,~$100-300 (module),0.8494547178757704,0.2402767741512975,0.725456533827425,408.6,12654.0,12277.6
DAVIS346,DVS,sort,20,419.4,10.17,,,0.03,,"~$3,000 (dev kit)",0.49510036352141623,0.3165271530912463,0.37451251872246744,778.8,12654.0,10791.4
Samsung DVS-Gen3.1,DVS,centroid,5,104.8,10.02,,,0.03,,~$100-300 (module),0.8433538801959856,0.24041211563715265,0.7164540436956455,421.8,12654.0,12282.8
DAVIS346,DVS,sort,200,4193.8,11.66,,,0.03,,"~$3,000 (dev kit)",0.48591749644381227,0.3170625835618684,0.36489149670039767,774.2,12654.0,10780.2
Samsung DVS-Gen3.1,DVS,centroid,2,41.9,10.01,,,0.03,,~$100-300 (module),0.8417891575786312,0.240677742593145,0.7017703021476772,455.8,12654.0,12273.8
DAVIS346,DVS,sort,100,2096.9,10.83,,,0.03,,"~$3,000 (dev kit)",0.4947210368263,0.316633177542032,0.38404755332988577,775.8,12654.0,10886.0
DAVIS346,DVS,sort,500,10484.5,14.15,,,0.03,,"~$3,000 (dev kit)",0.422475106685633,0.3277451126127927,0.3360206312344392,656.0,12654.0,10855.6
Samsung DVS-Gen3.1,DVS,centroid,20,419.4,10.07,,,0.03,,~$100-300 (module),0.8450924608819346,0.24045706616361456,0.7313479708772754,447.8,12654.0,12276.0
Samsung DVS-Gen3.1,DVS,centroid,10,209.7,10.03,,,0.03,,~$100-300 (module),0.8439070649596966,0.24073117580408737,0.7412371028442831,447.4,12654.0,12270.2
Samsung DVS-Gen3.1,DVS,centroid,50,1048.5,10.17,,,0.03,,~$100-300 (module),0.8444602497234076,0.24025936294991954,0.7314662490447613,418.8,12654.0,12286.6
Samsung DVS-Gen3.1,DVS,centroid,100,2096.9,10.34,,,0.03,,~$100-300 (module),0.8462936620831357,0.24041815378490283,0.728546426057201,450.2,12654.0,12282.0
Samsung DVS-Gen3.1,DVS,centroid,200,4193.8,10.68,,,0.03,,~$100-300 (module),0.8434329065908013,0.23973129049214542,0.7220938089253226,416.8,12654.0,12280.8
Samsung DVS-Gen3.1,DVS,iou,1,21.0,10.0,,,0.03,,~$100-300 (module),0.8621937727200886,0.23987754488070018,0.7600624646008556,321.2,12654.0,12135.8
Samsung DVS-Gen3.1,DVS,centroid,500,10484.5,11.69,,,0.03,,~$100-300 (module),0.8448237711395606,0.24126188127771608,0.7311339619198612,457.4,12654.0,12279.8
Samsung DVS-Gen3.1,DVS,iou,2,41.9,10.01,,,0.03,,~$100-300 (module),0.8563774300616405,0.24030003320071644,0.7499989370303,347.6,12654.0,12135.4
Samsung DVS-Gen3.1,DVS,iou,10,209.7,10.03,,,0.03,,~$100-300 (module),0.857325746799431,0.2403164032629151,0.7417697812614898,337.8,12654.0,12140.8
Samsung DVS-Gen3.1,DVS,iou,5,104.8,10.02,,,0.03,,~$100-300 (module),0.858511142721669,0.23996599056617823,0.7582172989682199,305.8,12654.0,12133.0
Samsung DVS-Gen3.1,DVS,iou,100,2096.9,10.34,,,0.03,,~$100-300 (module),0.8614667298877825,0.2399771904522301,0.7453807193438275,317.0,12654.0,12140.8
Samsung DVS-Gen3.1,DVS,iou,20,419.4,10.07,,,0.03,,~$100-300 (module),0.8587640271850798,0.24006214132482154,0.7511507401568466,340.0,12654.0,12138.0
Samsung DVS-Gen3.1,DVS,iou,50,1048.5,10.17,,,0.03,,~$100-300 (module),0.8560929350403035,0.2397836375708285,0.7467613866297929,331.8,12654.0,12136.8
Samsung DVS-Gen3.1,DVS,iou,200,4193.8,10.68,,,0.03,,~$100-300 (module),0.8555397502765925,0.23930014064645194,0.7404510076511606,327.6,12654.0,12136.4
Samsung DVS-Gen3.1,DVS,iou,500,10484.5,11.69,,,0.03,,~$100-300 (module),0.8577999051683263,0.24088415507842037,0.7270295011506922,343.2,12654.0,12130.2
Samsung DVS-Gen3.1,DVS,sort,5,104.8,10.05,,,0.01,,~$100-300 (module),0.8925715188873082,0.20336693252472987,0.8142234218704164,202.6,12654.0,12092.0
Samsung DVS-Gen3.1,DVS,sort,2,41.9,10.02,,,0.01,,~$100-300 (module),0.8931088983720563,0.2035025462278864,0.8178155639546144,214.0,12654.0,12091.4
Samsung DVS-Gen3.1,DVS,sort,50,1048.5,10.51,,,0.01,,~$100-300 (module),0.8964122016753595,0.2031527446443643,0.8328284290854256,188.0,12654.0,12091.6
Samsung DVS-Gen3.1,DVS,sort,1,21.0,10.01,,,0.01,,~$100-300 (module),0.899272957167694,0.20337496957911122,0.8335782615179974,196.8,12654.0,12097.4
Samsung DVS-Gen3.1,DVS,sort,10,209.7,10.1,,,0.01,,~$100-300 (module),0.8926979611190138,0.2034712700031532,0.8165645055526589,211.2,12654.0,12090.6
Samsung DVS-Gen3.1,DVS,sort,20,419.4,10.2,,,0.01,,~$100-300 (module),0.8949581160107476,0.2028465462496723,0.8195424638111651,207.8,12654.0,12102.6
Samsung DVS-Gen3.1,DVS,sort,100,2096.9,11.02,,,0.01,,~$100-300 (module),0.8972972972972973,0.20342204915370138,0.826406643568885,190.6,12654.0,12083.8
Samsung DVS-Gen3.1,DVS,sort,500,10484.5,15.08,,,0.01,,~$100-300 (module),0.882709024814288,0.2135958911044713,0.7971052602577912,200.8,12654.0,12050.2
Prophesee IMX636,DVS,centroid,2,41.9,32.01,,,0.01,,"~$3,500 (EVK4 kit)",-0.5042516200410937,0.3639828400949951,0.073990544790114,862.2,12654.0,11126.6
Samsung DVS-Gen3.1,DVS,sort,200,4193.8,12.03,,,0.01,,~$100-300 (module),0.8883357041251777,0.2025119165719799,0.806402423540562,204.6,12654.0,12053.6
Prophesee IMX636,DVS,centroid,1,21.0,32.01,,,0.01,,"~$3,500 (EVK4 kit)",-0.4978504820610084,0.36329345117052114,0.07509186817094486,853.8,12654.0,11140.0
Prophesee IMX636,DVS,centroid,5,104.8,32.03,,,0.01,,"~$3,500 (EVK4 kit)",-0.5057689268215585,0.3628029792951652,0.07186323736720454,887.8,12654.0,11146.6
Prophesee IMX636,DVS,centroid,10,209.7,32.05,,,0.01,,"~$3,500 (EVK4 kit)",-0.5031610557926347,0.36358975543703287,0.07410575979013681,869.4,12654.0,11144.8
Prophesee IMX636,DVS,centroid,50,1048.5,32.25,,,0.01,,"~$3,500 (EVK4 kit)",-0.4991465149359886,0.3685058642381974,0.075217007455975,866.2,12654.0,11150.0
Prophesee IMX636,DVS,centroid,20,419.4,32.1,,,0.01,,"~$3,500 (EVK4 kit)",-0.49824561403508766,0.3630664154869362,0.07570207675676828,884.4,12654.0,11149.6
Prophesee IMX636,DVS,centroid,500,10484.5,34.54,,,0.01,,"~$3,500 (EVK4 kit)",-0.5451082661608977,0.3784054024135732,0.06868483584911014,755.4,12654.0,11111.2
Prophesee IMX636,DVS,centroid,200,4193.8,33.02,,,0.01,,"~$3,500 (EVK4 kit)",-0.5108740319266636,0.3704584837568592,0.07013406075754011,841.0,12654.0,11140.4
Prophesee IMX636,DVS,centroid,100,2096.9,32.51,,,0.01,,"~$3,500 (EVK4 kit)",-0.5099257151888731,0.3656049914990086,0.07218447431745273,868.2,12654.0,11147.2
Prophesee IMX636,DVS,iou,1,21.0,32.01,,,0.01,,"~$3,500 (EVK4 kit)",-0.21834992887624466,0.36200210455509235,0.08377686979221213,598.0,12654.0,7296.2
Prophesee IMX636,DVS,iou,2,41.9,32.01,,,0.01,,"~$3,500 (EVK4 kit)",-0.21958274063537223,0.36323356435291637,0.08000655230598186,604.8,12654.0,7270.2
Prophesee IMX636,DVS,iou,20,419.4,32.1,,,0.01,,"~$3,500 (EVK4 kit)",-0.221653232179548,0.36254508848818107,0.08028728967505062,633.2,12654.0,7315.2
Prophesee IMX636,DVS,iou,5,104.8,32.03,,,0.01,,"~$3,500 (EVK4 kit)",-0.21926663505610877,0.36185679882420524,0.08291649585807895,614.6,12654.0,7230.0
Prophesee IMX636,DVS,iou,10,209.7,32.05,,,0.01,,"~$3,500 (EVK4 kit)",-0.21504662557294135,0.3636310234615346,0.08249207831743369,603.4,12654.0,7206.2
Prophesee IMX636,DVS,iou,100,2096.9,32.51,,,0.01,,"~$3,500 (EVK4 kit)",-0.22740635372214318,0.3649500353966168,0.07744222541336858,614.0,12654.0,7324.4
Prophesee IMX636,DVS,iou,200,4193.8,33.02,,,0.01,,"~$3,500 (EVK4 kit)",-0.21686423265370633,0.3693304524359524,0.0825840913235901,623.2,12654.0,7137.8
Prophesee IMX636,DVS,iou,50,1048.5,32.25,,,0.01,,"~$3,500 (EVK4 kit)",-0.2112375533428165,0.36797538305790783,0.08566940762514634,608.6,12654.0,7230.8
Prophesee IMX636,DVS,iou,500,10484.5,34.54,,,0.01,,"~$3,500 (EVK4 kit)",-0.24518729255571362,0.3773113713067846,0.07351040297475905,580.4,12654.0,6981.0
Samsung DVS-Gen3.1,DVS,sort,5,104.8,10.02,,,0.03,,~$100-300 (module),0.8925715188873082,0.20336693252472987,0.8142234218704164,202.6,12654.0,12092.0
Samsung DVS-Gen3.1,DVS,sort,1,21.0,10.0,,,0.03,,~$100-300 (module),0.899272957167694,0.20337496957911122,0.8335782615179974,196.8,12654.0,12097.4
Samsung DVS-Gen3.1,DVS,sort,2,41.9,10.01,,,0.03,,~$100-300 (module),0.8931088983720563,0.2035025462278864,0.8178155639546144,214.0,12654.0,12091.4
Samsung DVS-Gen3.1,DVS,sort,10,209.7,10.03,,,0.03,,~$100-300 (module),0.8926979611190138,0.2034712700031532,0.8165645055526589,211.2,12654.0,12090.6
Samsung DVS-Gen3.1,DVS,sort,100,2096.9,10.34,,,0.03,,~$100-300 (module),0.8943259048522206,0.2033372857858437,0.818722521504484,199.4,12654.0,12093.8
Samsung DVS-Gen3.1,DVS,sort,500,10484.5,11.69,,,0.03,,~$100-300 (module),0.896996996996997,0.20438704834026966,0.8072002900861441,200.6,12654.0,12100.0
Samsung DVS-Gen3.1,DVS,sort,20,419.4,10.07,,,0.03,,~$100-300 (module),0.8949581160107476,0.2028465462496723,0.8195424638111651,207.8,12654.0,12102.6
Samsung DVS-Gen3.1,DVS,sort,200,4193.8,10.68,,,0.03,,~$100-300 (module),0.8945787893156314,0.20154286837571922,0.8087428014777778,191.8,12654.0,12083.8
Prophesee IMX636,DVS,centroid,1,21.0,32.0,,,0.03,,"~$3,500 (EVK4 kit)",-0.4978504820610084,0.36329345117052114,0.07509186817094486,853.8,12654.0,11140.0
Prophesee IMX636,DVS,centroid,2,41.9,32.0,,,0.03,,"~$3,500 (EVK4 kit)",-0.5042516200410937,0.3639828400949951,0.073990544790114,862.2,12654.0,11126.6
Samsung DVS-Gen3.1,DVS,sort,50,1048.5,10.17,,,0.03,,~$100-300 (module),0.8964122016753595,0.2031527446443643,0.8328284290854256,188.0,12654.0,12091.6
Prophesee IMX636,DVS,centroid,200,4193.8,32.34,,,0.03,,"~$3,500 (EVK4 kit)",-0.5108740319266636,0.3704584837568592,0.07013406075754011,841.0,12654.0,11140.4
Prophesee IMX636,DVS,centroid,5,104.8,32.01,,,0.03,,"~$3,500 (EVK4 kit)",-0.5057689268215585,0.3628029792951652,0.07186323736720454,887.8,12654.0,11146.6
Prophesee IMX636,DVS,centroid,10,209.7,32.02,,,0.03,,"~$3,500 (EVK4 kit)",-0.5031610557926347,0.36358975543703287,0.07410575979013681,869.4,12654.0,11144.8
Prophesee IMX636,DVS,centroid,20,419.4,32.03,,,0.03,,"~$3,500 (EVK4 kit)",-0.49824561403508766,0.3630664154869362,0.07570207675676828,884.4,12654.0,11149.6
Prophesee IMX636,DVS,centroid,100,2096.9,32.17,,,0.03,,"~$3,500 (EVK4 kit)",-0.5099257151888731,0.3656049914990086,0.07218447431745273,868.2,12654.0,11147.2
Prophesee IMX636,DVS,centroid,50,1048.5,32.08,,,0.03,,"~$3,500 (EVK4 kit)",-0.4991465149359886,0.3685058642381974,0.075217007455975,866.2,12654.0,11150.0
Prophesee IMX636,DVS,iou,2,41.9,32.0,,,0.03,,"~$3,500 (EVK4 kit)",-0.21958274063537223,0.36323356435291637,0.08000655230598186,604.8,12654.0,7270.2
Prophesee IMX636,DVS,centroid,500,10484.5,32.85,,,0.03,,"~$3,500 (EVK4 kit)",-0.5451082661608977,0.3784054024135732,0.06868483584911014,755.4,12654.0,11111.2
Prophesee IMX636,DVS,iou,1,21.0,32.0,,,0.03,,"~$3,500 (EVK4 kit)",-0.21834992887624466,0.36200210455509235,0.08377686979221213,598.0,12654.0,7296.2
Prophesee IMX636,DVS,iou,10,209.7,32.02,,,0.03,,"~$3,500 (EVK4 kit)",-0.21504662557294135,0.3636310234615346,0.08249207831743369,603.4,12654.0,7206.2
Prophesee IMX636,DVS,iou,5,104.8,32.01,,,0.03,,"~$3,500 (EVK4 kit)",-0.21926663505610877,0.36185679882420524,0.08291649585807895,614.6,12654.0,7230.0
Prophesee IMX636,DVS,iou,100,2096.9,32.17,,,0.03,,"~$3,500 (EVK4 kit)",-0.22740635372214318,0.3649500353966168,0.07744222541336858,614.0,12654.0,7324.4
Prophesee IMX636,DVS,iou,20,419.4,32.03,,,0.03,,"~$3,500 (EVK4 kit)",-0.221653232179548,0.36254508848818107,0.08028728967505062,633.2,12654.0,7315.2
Prophesee IMX636,DVS,iou,50,1048.5,32.08,,,0.03,,"~$3,500 (EVK4 kit)",-0.2112375533428165,0.36797538305790783,0.08566940762514634,608.6,12654.0,7230.8
Prophesee IMX636,DVS,iou,200,4193.8,32.34,,,0.03,,"~$3,500 (EVK4 kit)",-0.21686423265370633,0.3693304524359524,0.0825840913235901,623.2,12654.0,7137.8
Prophesee IMX636,DVS,iou,500,10484.5,32.85,,,0.03,,"~$3,500 (EVK4 kit)",-0.24518729255571362,0.3773113713067846,0.07351040297475905,580.4,12654.0,6981.0
Prophesee IMX636,DVS,sort,5,104.8,32.03,,,0.01,,"~$3,500 (EVK4 kit)",-0.21858700806069228,0.3788322677425588,0.0828130350182534,419.8,12654.0,6045.0
Prophesee IMX636,DVS,sort,10,209.7,32.05,,,0.01,,"~$3,500 (EVK4 kit)",-0.22141615299510034,0.3807241169565142,0.08042046979560297,421.8,12654.0,6026.4
Prophesee IMX636,DVS,sort,20,419.4,32.1,,,0.01,,"~$3,500 (EVK4 kit)",-0.22383436067646598,0.3785012423848472,0.07767987984157473,441.4,12654.0,6085.8
Prophesee IMX636,DVS,sort,50,1048.5,32.25,,,0.01,,"~$3,500 (EVK4 kit)",-0.21991465149359887,0.3870604943331805,0.07995190100976678,423.0,12654.0,6028.2
Prophesee IMX636,DVS,sort,500,10484.5,34.54,,,0.01,,"~$3,500 (EVK4 kit)",-0.22070491544175758,0.3863244546982688,0.07795276510895771,420.4,12654.0,5921.6
Prophesee IMX636,DVS,sort,200,4193.8,33.02,,,0.01,,"~$3,500 (EVK4 kit)",-0.2142563616247827,0.3823275583954066,0.07821341062155764,436.6,12654.0,6029.8
Prophesee IMX636,DVS,sort,2,41.9,32.01,,,0.01,,"~$3,500 (EVK4 kit)",-0.22415046625572937,0.38041726680196,0.0794629423322214,413.6,12654.0,6067.2
Prophesee IMX636,DVS,sort,1,21.0,32.01,,,0.01,,"~$3,500 (EVK4 kit)",-0.2281808123913387,0.37971287249556634,0.08035074489545968,422.0,12654.0,6130.6
Prophesee IMX636,DVS,sort,100,2096.9,32.51,,,0.01,,"~$3,500 (EVK4 kit)",-0.2273589378852537,0.3826514525681079,0.08023014755587704,422.6,12654.0,6142.4
Prophesee IMX636,DVS,sort,1,21.0,32.0,,,0.03,,"~$3,500 (EVK4 kit)",-0.2281808123913387,0.37971287249556634,0.08035074489545968,422.0,12654.0,6130.6
Prophesee IMX636,DVS,sort,2,41.9,32.0,,,0.03,,"~$3,500 (EVK4 kit)",-0.22415046625572937,0.38041726680196,0.0794629423322214,413.6,12654.0,6067.2
Prophesee IMX636,DVS,sort,5,104.8,32.01,,,0.03,,"~$3,500 (EVK4 kit)",-0.21858700806069228,0.3788322677425588,0.0828130350182534,419.8,12654.0,6045.0
Prophesee IMX636,DVS,sort,10,209.7,32.02,,,0.03,,"~$3,500 (EVK4 kit)",-0.22141615299510034,0.3807241169565142,0.08042046979560297,421.8,12654.0,6026.4
Prophesee IMX636,DVS,sort,20,419.4,32.03,,,0.03,,"~$3,500 (EVK4 kit)",-0.22383436067646598,0.3785012423848472,0.07767987984157473,441.4,12654.0,6085.8
Prophesee IMX636,DVS,sort,50,1048.5,32.08,,,0.03,,"~$3,500 (EVK4 kit)",-0.21991465149359887,0.3870604943331805,0.07995190100976678,423.0,12654.0,6028.2
Prophesee IMX636,DVS,sort,100,2096.9,32.17,,,0.03,,"~$3,500 (EVK4 kit)",-0.2273589378852537,0.3826514525681079,0.08023014755587704,422.6,12654.0,6142.4
Prophesee IMX636,DVS,sort,500,10484.5,32.85,,,0.03,,"~$3,500 (EVK4 kit)",-0.22070491544175758,0.3863244546982688,0.07795276510895771,420.4,12654.0,5921.6
Prophesee IMX636,DVS,sort,200,4193.8,32.34,,,0.03,,"~$3,500 (EVK4 kit)",-0.2142563616247827,0.3823275583954066,0.07821341062155764,436.6,12654.0,6029.8
